-- phpMyAdmin SQL Dump
-- version 3.5.3
-- http://www.phpmyadmin.net
--
-- Host: localhost
-- Generation Time: Mar 20, 2013 at 03:52 AM
-- Server version: 5.5.28
-- PHP Version: 5.3.18

SET SQL_MODE="NO_AUTO_VALUE_ON_ZERO";
SET time_zone = "+00:00";

--
-- Database: `aspos`
--

-- --------------------------------------------------------

--
-- Table structure for table `cbb_concepto`
--

CREATE TABLE IF NOT EXISTS `cbb_concepto` (
  `id` int(11) NOT NULL AUTO_INCREMENT,
  `cuenta_id` int(11) NOT NULL,
  `activo` varchar(2) DEFAULT 'SI',
  `usuario_creacion_id` int(11) DEFAULT NULL,
  `fecha_creacion` datetime DEFAULT NULL,
  `usuario_edicion_id` int(11) DEFAULT NULL,
  `fecha_edicion` datetime DEFAULT NULL,
  `cbb_id` int(11) NOT NULL,
  `cantidad` decimal(16,4) DEFAULT '0.0000',
  `descripcion` varchar(255) DEFAULT NULL,
  `precio_unitario` decimal(16,4) DEFAULT '0.0000',
  `descuento` decimal(16,4) NOT NULL DEFAULT '0.0000',
  `importe` decimal(16,4) NOT NULL DEFAULT '0.0000',
  PRIMARY KEY (`id`)
) ENGINE=InnoDB  DEFAULT CHARSET=latin1 AUTO_INCREMENT=106 ;

--
-- Dumping data for table `cbb_concepto`
--

INSERT INTO `cbb_concepto` (`id`, `cuenta_id`, `activo`, `usuario_creacion_id`, `fecha_creacion`, `usuario_edicion_id`, `fecha_edicion`, `cbb_id`, `cantidad`, `descripcion`, `precio_unitario`, `descuento`, `importe`) VALUES
(1, 2, 'SI', 0, '2013-03-19 16:00:34', 0, '2013-03-19 16:00:34', 18, '1.0000', 'MONITOR 21 PULGADAS', '1500.0000', '0.0000', '1500.0000'),
(2, 2, 'SI', 0, '2013-03-19 16:01:28', 0, '2013-03-19 16:01:28', 19, '1.0000', 'MONITOR 21 PULGADAS', '1500.0000', '0.0000', '1500.0000'),
(3, 2, 'SI', 0, '2013-03-19 16:01:28', 0, '2013-03-19 16:01:28', 19, '1.0000', 'CELULAR LG', '2000.0000', '0.0000', '2000.0000'),
(4, 2, 'SI', 0, '2013-03-19 16:02:25', 0, '2013-03-19 16:02:25', 20, '1.0000', 'MONITOR 21 PULGADAS', '1500.0000', '0.0000', '1500.0000'),
(5, 2, 'SI', 0, '2013-03-19 16:02:25', 0, '2013-03-19 16:02:25', 20, '1.0000', 'CELULAR LG', '2000.0000', '0.0000', '2000.0000'),
(6, 2, 'SI', 0, '2013-03-19 16:08:51', 0, '2013-03-19 16:08:51', 21, '1.0000', 'MONITOR 21 PULGADAS', '1500.0000', '0.0000', '1500.0000'),
(7, 2, 'SI', 0, '2013-03-19 16:08:51', 0, '2013-03-19 16:08:51', 21, '1.0000', 'CELULAR LG', '2000.0000', '0.0000', '2000.0000'),
(8, 2, 'SI', 0, '2013-03-19 16:09:09', 0, '2013-03-19 16:09:09', 22, '1.0000', 'MONITOR 21 PULGADAS', '1500.0000', '0.0000', '1500.0000'),
(9, 2, 'SI', 0, '2013-03-19 16:09:09', 0, '2013-03-19 16:09:09', 22, '1.0000', 'CELULAR LG', '2000.0000', '0.0000', '2000.0000'),
(10, 2, 'SI', 0, '2013-03-19 16:11:58', 0, '2013-03-19 16:11:58', 23, '1.0000', 'MONITOR 21 PULGADAS', '1500.0000', '0.0000', '1500.0000'),
(11, 2, 'SI', 0, '2013-03-19 16:11:58', 0, '2013-03-19 16:11:58', 23, '1.0000', 'CELULAR LG', '2000.0000', '0.0000', '2000.0000'),
(12, 2, 'SI', 0, '2013-03-19 16:12:19', 0, '2013-03-19 16:12:19', 24, '1.0000', 'MONITOR 21 PULGADAS', '1500.0000', '0.0000', '1500.0000'),
(13, 2, 'SI', 0, '2013-03-19 16:12:19', 0, '2013-03-19 16:12:19', 24, '1.0000', 'CELULAR LG', '2000.0000', '0.0000', '2000.0000'),
(14, 2, 'SI', 0, '2013-03-19 16:13:09', 0, '2013-03-19 16:13:09', 25, '1.0000', 'MONITOR 21 PULGADAS', '1500.0000', '0.0000', '1500.0000'),
(15, 2, 'SI', 0, '2013-03-19 16:13:09', 0, '2013-03-19 16:13:09', 25, '1.0000', 'CELULAR LG', '2000.0000', '0.0000', '2000.0000'),
(16, 2, 'SI', 0, '2013-03-19 16:16:24', 0, '2013-03-19 16:16:24', 26, '1.0000', 'MONITOR 21 PULGADAS', '1500.0000', '0.0000', '1500.0000'),
(17, 2, 'SI', 0, '2013-03-19 16:16:24', 0, '2013-03-19 16:16:24', 26, '1.0000', 'CELULAR LG', '2000.0000', '0.0000', '2000.0000'),
(18, 2, 'SI', 0, '2013-03-19 16:17:54', 0, '2013-03-19 16:17:54', 27, '1.0000', 'MONITOR 21 PULGADAS', '1500.0000', '0.0000', '1500.0000'),
(19, 2, 'SI', 0, '2013-03-19 16:17:54', 0, '2013-03-19 16:17:54', 27, '1.0000', 'CELULAR LG', '2000.0000', '0.0000', '2000.0000'),
(20, 2, 'SI', 0, '2013-03-19 16:26:57', 0, '2013-03-19 16:26:57', 28, '1.0000', 'MONITOR 21 PULGADAS', '1500.0000', '0.0000', '1500.0000'),
(21, 2, 'SI', 0, '2013-03-19 16:26:57', 0, '2013-03-19 16:26:57', 28, '1.0000', 'CELULAR LG', '2000.0000', '0.0000', '2000.0000'),
(22, 2, 'SI', 0, '2013-03-19 16:27:27', 0, '2013-03-19 16:27:27', 29, '1.0000', 'MONITOR 21 PULGADAS', '1500.0000', '0.0000', '1500.0000'),
(23, 2, 'SI', 0, '2013-03-19 16:27:27', 0, '2013-03-19 16:27:27', 29, '1.0000', 'CELULAR LG', '2000.0000', '0.0000', '2000.0000'),
(24, 2, 'SI', 0, '2013-03-19 16:32:13', 0, '2013-03-19 16:32:13', 30, '1.0000', 'MONITOR 21 PULGADAS', '1500.0000', '0.0000', '1500.0000'),
(25, 2, 'SI', 0, '2013-03-19 16:32:13', 0, '2013-03-19 16:32:13', 30, '1.0000', 'CELULAR LG', '2000.0000', '0.0000', '2000.0000'),
(26, 2, 'SI', 0, '2013-03-19 16:32:56', 0, '2013-03-19 16:32:56', 31, '1.0000', 'MONITOR 21 PULGADAS', '1500.0000', '0.0000', '1500.0000'),
(27, 2, 'SI', 0, '2013-03-19 16:32:56', 0, '2013-03-19 16:32:56', 31, '1.0000', 'CELULAR LG', '2000.0000', '0.0000', '2000.0000'),
(28, 2, 'SI', 0, '2013-03-19 16:39:09', 0, '2013-03-19 16:39:09', 32, '1.0000', 'MONITOR 21 PULGADAS', '1500.0000', '0.0000', '1500.0000'),
(29, 2, 'SI', 0, '2013-03-19 16:39:09', 0, '2013-03-19 16:39:09', 32, '1.0000', 'CELULAR LG', '2000.0000', '0.0000', '2000.0000'),
(30, 2, 'SI', 0, '2013-03-19 16:40:11', 0, '2013-03-19 16:40:11', 33, '1.0000', 'MONITOR 21 PULGADAS', '1500.0000', '0.0000', '1500.0000'),
(31, 2, 'SI', 0, '2013-03-19 16:40:11', 0, '2013-03-19 16:40:11', 33, '1.0000', 'CELULAR LG', '2000.0000', '0.0000', '2000.0000'),
(32, 2, 'SI', 0, '2013-03-19 16:40:31', 0, '2013-03-19 16:40:31', 34, '1.0000', 'MONITOR 21 PULGADAS', '1500.0000', '0.0000', '1500.0000'),
(33, 2, 'SI', 0, '2013-03-19 16:40:31', 0, '2013-03-19 16:40:31', 34, '1.0000', 'CELULAR LG', '2000.0000', '0.0000', '2000.0000'),
(34, 2, 'SI', 0, '2013-03-19 16:44:00', 0, '2013-03-19 16:44:00', 35, '1.0000', 'MONITOR 21 PULGADAS', '1500.0000', '0.0000', '1500.0000'),
(35, 2, 'SI', 0, '2013-03-19 16:44:00', 0, '2013-03-19 16:44:00', 35, '1.0000', 'CELULAR LG', '2000.0000', '0.0000', '2000.0000'),
(36, 2, 'SI', 0, '2013-03-19 16:47:49', 0, '2013-03-19 16:47:49', 36, '1.0000', 'MONITOR 21 PULGADAS', '1500.0000', '0.0000', '1500.0000'),
(37, 2, 'SI', 0, '2013-03-19 16:47:49', 0, '2013-03-19 16:47:49', 36, '1.0000', 'CELULAR LG', '2000.0000', '0.0000', '2000.0000'),
(38, 2, 'SI', 0, '2013-03-19 16:49:06', 0, '2013-03-19 16:49:06', 37, '1.0000', 'MONITOR 21 PULGADAS', '1500.0000', '0.0000', '1500.0000'),
(39, 2, 'SI', 0, '2013-03-19 16:49:06', 0, '2013-03-19 16:49:06', 37, '1.0000', 'CELULAR LG', '2000.0000', '0.0000', '2000.0000'),
(40, 2, 'SI', 0, '2013-03-19 16:52:11', 0, '2013-03-19 16:52:11', 38, '1.0000', 'MONITOR 21 PULGADAS', '1500.0000', '0.0000', '1500.0000'),
(41, 2, 'SI', 0, '2013-03-19 16:52:11', 0, '2013-03-19 16:52:11', 38, '1.0000', 'CELULAR LG', '2000.0000', '0.0000', '2000.0000'),
(42, 2, 'SI', 0, '2013-03-19 16:52:36', 0, '2013-03-19 16:52:36', 39, '1.0000', 'MONITOR 21 PULGADAS', '1500.0000', '0.0000', '1500.0000'),
(43, 2, 'SI', 0, '2013-03-19 16:52:36', 0, '2013-03-19 16:52:36', 39, '1.0000', 'CELULAR LG', '2000.0000', '0.0000', '2000.0000'),
(44, 2, 'SI', 0, '2013-03-19 16:53:42', 0, '2013-03-19 16:53:42', 40, '1.0000', 'MONITOR 21 PULGADAS', '1500.0000', '0.0000', '1500.0000'),
(45, 2, 'SI', 0, '2013-03-19 16:53:42', 0, '2013-03-19 16:53:42', 40, '1.0000', 'CELULAR LG', '2000.0000', '0.0000', '2000.0000'),
(46, 2, 'SI', 0, '2013-03-19 16:54:26', 0, '2013-03-19 16:54:26', 41, '1.0000', 'MONITOR 21 PULGADAS', '1500.0000', '0.0000', '1500.0000'),
(47, 2, 'SI', 0, '2013-03-19 16:54:26', 0, '2013-03-19 16:54:26', 41, '1.0000', 'CELULAR LG', '2000.0000', '0.0000', '2000.0000'),
(48, 2, 'SI', 0, '2013-03-19 16:55:26', 0, '2013-03-19 16:55:26', 42, '1.0000', 'MONITOR 21 PULGADAS', '1500.0000', '0.0000', '1500.0000'),
(49, 2, 'SI', 0, '2013-03-19 16:55:26', 0, '2013-03-19 16:55:26', 42, '1.0000', 'CELULAR LG', '2000.0000', '0.0000', '2000.0000'),
(50, 2, 'SI', 0, '2013-03-19 16:57:00', 0, '2013-03-19 16:57:00', 43, '1.0000', 'MONITOR 21 PULGADAS', '1500.0000', '0.0000', '1500.0000'),
(51, 2, 'SI', 0, '2013-03-19 16:57:00', 0, '2013-03-19 16:57:00', 43, '1.0000', 'CELULAR LG', '2000.0000', '0.0000', '2000.0000'),
(52, 2, 'SI', 0, '2013-03-19 16:59:24', 0, '2013-03-19 16:59:24', 44, '1.0000', 'MONITOR 21 PULGADAS', '1500.0000', '0.0000', '1500.0000'),
(53, 2, 'SI', 0, '2013-03-19 16:59:24', 0, '2013-03-19 16:59:24', 44, '1.0000', 'CELULAR LG', '2000.0000', '0.0000', '2000.0000'),
(54, 2, 'SI', 0, '2013-03-19 17:03:41', 0, '2013-03-19 17:03:41', 45, '1.0000', 'MONITOR 21 PULGADAS', '1500.0000', '0.0000', '1500.0000'),
(55, 2, 'SI', 0, '2013-03-19 17:03:41', 0, '2013-03-19 17:03:41', 45, '1.0000', 'CELULAR LG', '2000.0000', '0.0000', '2000.0000'),
(56, 2, 'SI', 0, '2013-03-19 17:05:17', 0, '2013-03-19 17:05:17', 46, '1.0000', 'MONITOR 21 PULGADAS', '1500.0000', '0.0000', '1500.0000'),
(57, 2, 'SI', 0, '2013-03-19 17:05:17', 0, '2013-03-19 17:05:17', 46, '1.0000', 'CELULAR LG', '2000.0000', '0.0000', '2000.0000'),
(58, 2, 'SI', 0, '2013-03-19 17:08:14', 0, '2013-03-19 17:08:14', 47, '1.0000', 'MONITOR 21 PULGADAS', '1500.0000', '0.0000', '1500.0000'),
(59, 2, 'SI', 0, '2013-03-19 17:08:14', 0, '2013-03-19 17:08:14', 47, '1.0000', 'CELULAR LG', '2000.0000', '0.0000', '2000.0000'),
(60, 2, 'SI', 0, '2013-03-19 17:09:19', 0, '2013-03-19 17:09:19', 48, '1.0000', 'MONITOR 21 PULGADAS', '1500.0000', '0.0000', '1500.0000'),
(61, 2, 'SI', 0, '2013-03-19 17:09:19', 0, '2013-03-19 17:09:19', 48, '1.0000', 'CELULAR LG', '2000.0000', '0.0000', '2000.0000'),
(62, 2, 'SI', 0, '2013-03-19 17:10:38', 0, '2013-03-19 17:10:38', 49, '1.0000', 'MONITOR 21 PULGADAS', '1500.0000', '0.0000', '1500.0000'),
(63, 2, 'SI', 0, '2013-03-19 17:10:38', 0, '2013-03-19 17:10:38', 49, '1.0000', 'CELULAR LG', '2000.0000', '0.0000', '2000.0000'),
(64, 2, 'SI', 0, '2013-03-19 17:11:26', 0, '2013-03-19 17:11:26', 50, '1.0000', 'MONITOR 21 PULGADAS', '1500.0000', '0.0000', '1500.0000'),
(65, 2, 'SI', 0, '2013-03-19 17:11:26', 0, '2013-03-19 17:11:26', 50, '1.0000', 'CELULAR LG', '2000.0000', '0.0000', '2000.0000'),
(66, 2, 'SI', 0, '2013-03-19 17:12:09', 0, '2013-03-19 17:12:09', 51, '1.0000', 'MONITOR 21 PULGADAS', '1500.0000', '0.0000', '1500.0000'),
(67, 2, 'SI', 0, '2013-03-19 17:12:09', 0, '2013-03-19 17:12:09', 51, '1.0000', 'CELULAR LG', '2000.0000', '0.0000', '2000.0000'),
(68, 2, 'SI', 0, '2013-03-19 17:25:41', 0, '2013-03-19 17:25:41', 52, '1.0000', 'MONITOR 21 PULGADAS', '1500.0000', '0.0000', '1500.0000'),
(69, 2, 'SI', 0, '2013-03-19 17:25:41', 0, '2013-03-19 17:25:41', 52, '1.0000', 'CELULAR LG', '2000.0000', '0.0000', '2000.0000'),
(70, 2, 'SI', 0, '2013-03-19 17:26:33', 0, '2013-03-19 17:26:33', 53, '1.0000', 'MONITOR 21 PULGADAS', '1500.0000', '0.0000', '1500.0000'),
(71, 2, 'SI', 0, '2013-03-19 17:26:33', 0, '2013-03-19 17:26:33', 53, '1.0000', 'CELULAR LG', '2000.0000', '0.0000', '2000.0000'),
(72, 2, 'SI', 0, '2013-03-19 17:29:23', 0, '2013-03-19 17:29:23', 54, '1.0000', 'MONITOR 21 PULGADAS', '1500.0000', '0.0000', '1500.0000'),
(73, 2, 'SI', 0, '2013-03-19 17:29:23', 0, '2013-03-19 17:29:23', 54, '1.0000', 'CELULAR LG', '2000.0000', '0.0000', '2000.0000'),
(74, 2, 'SI', 0, '2013-03-19 17:30:23', 0, '2013-03-19 17:30:23', 55, '1.0000', 'MONITOR 21 PULGADAS', '1500.0000', '0.0000', '1500.0000'),
(75, 2, 'SI', 0, '2013-03-19 17:30:23', 0, '2013-03-19 17:30:23', 55, '1.0000', 'CELULAR LG', '2000.0000', '0.0000', '2000.0000'),
(76, 2, 'SI', 0, '2013-03-19 17:38:04', 0, '2013-03-19 17:38:04', 56, '1.0000', 'MONITOR 21 PULGADAS', '1500.0000', '0.0000', '1500.0000'),
(77, 2, 'SI', 0, '2013-03-19 17:38:05', 0, '2013-03-19 17:38:05', 56, '1.0000', 'CELULAR LG', '2000.0000', '0.0000', '2000.0000'),
(78, 2, 'SI', 0, '2013-03-19 17:40:11', 0, '2013-03-19 17:40:11', 57, '1.0000', 'MONITOR 21 PULGADAS', '1500.0000', '0.0000', '1500.0000'),
(79, 2, 'SI', 0, '2013-03-19 17:40:11', 0, '2013-03-19 17:40:11', 57, '1.0000', 'CELULAR LG', '2000.0000', '0.0000', '2000.0000'),
(80, 2, 'SI', 0, '2013-03-19 17:40:44', 0, '2013-03-19 17:40:44', 58, '1.0000', 'MONITOR 21 PULGADAS', '1500.0000', '0.0000', '1500.0000'),
(81, 2, 'SI', 0, '2013-03-19 17:40:44', 0, '2013-03-19 17:40:44', 58, '1.0000', 'CELULAR LG', '2000.0000', '0.0000', '2000.0000'),
(82, 2, 'SI', 0, '2013-03-19 17:41:23', 0, '2013-03-19 17:41:23', 59, '1.0000', 'MONITOR 21 PULGADAS', '1500.0000', '0.0000', '1500.0000'),
(83, 2, 'SI', 0, '2013-03-19 17:41:24', 0, '2013-03-19 17:41:24', 59, '1.0000', 'CELULAR LG', '2000.0000', '0.0000', '2000.0000'),
(84, 2, 'SI', 0, '2013-03-19 17:45:38', 0, '2013-03-19 17:45:38', 60, '1.0000', 'MONITOR 21 PULGADAS', '1500.0000', '0.0000', '1500.0000'),
(85, 2, 'SI', 0, '2013-03-19 17:45:38', 0, '2013-03-19 17:45:38', 60, '1.0000', 'CELULAR LG', '2000.0000', '0.0000', '2000.0000'),
(86, 2, 'SI', 0, '2013-03-19 17:46:42', 0, '2013-03-19 17:46:42', 61, '1.0000', 'MONITOR 21 PULGADAS', '1500.0000', '0.0000', '1500.0000'),
(87, 2, 'SI', 0, '2013-03-19 17:46:42', 0, '2013-03-19 17:46:42', 61, '1.0000', 'CELULAR LG', '2000.0000', '0.0000', '2000.0000'),
(88, 2, 'SI', 0, '2013-03-19 17:48:37', 0, '2013-03-19 17:48:37', 62, '1.0000', 'MONITOR 21 PULGADAS', '1500.0000', '0.0000', '1500.0000'),
(89, 2, 'SI', 0, '2013-03-19 17:48:37', 0, '2013-03-19 17:48:37', 62, '1.0000', 'CELULAR LG', '2000.0000', '0.0000', '2000.0000'),
(90, 2, 'SI', 0, '2013-03-19 17:52:44', 0, '2013-03-19 17:52:44', 63, '1.0000', 'MONITOR 21 PULGADAS', '1500.0000', '0.0000', '1500.0000'),
(91, 2, 'SI', 0, '2013-03-19 17:52:44', 0, '2013-03-19 17:52:44', 63, '1.0000', 'CELULAR LG', '2000.0000', '0.0000', '2000.0000'),
(92, 2, 'SI', 0, '2013-03-19 18:06:32', 0, '2013-03-19 18:06:32', 64, '1.0000', 'MONITOR 21 PULGADAS', '1500.0000', '0.0000', '1500.0000'),
(93, 2, 'SI', 0, '2013-03-19 18:06:32', 0, '2013-03-19 18:06:32', 64, '1.0000', 'CELULAR LG', '2000.0000', '0.0000', '2000.0000'),
(94, 2, 'SI', 0, '2013-03-19 18:29:47', 0, '2013-03-19 18:29:47', 65, '1.0000', 'MONITOR 21 PULGADAS', '1500.0000', '0.0000', '1500.0000'),
(95, 2, 'SI', 0, '2013-03-19 18:32:46', 0, '2013-03-19 18:32:46', 66, '1.0000', 'MONITOR 21 PULGADAS', '1500.0000', '0.0000', '1500.0000'),
(96, 2, 'SI', 0, '2013-03-19 19:49:31', 0, '2013-03-19 19:49:31', 67, '2.0000', 'MONITOR 21 PULGADAS', '1500.0000', '0.0000', '3000.0000'),
(97, 2, 'SI', 0, '2013-03-19 19:49:31', 0, '2013-03-19 19:49:31', 67, '1.0000', 'CELULAR LG', '2000.0000', '0.0000', '2000.0000'),
(98, 2, 'SI', 0, '2013-03-19 19:52:35', 0, '2013-03-19 19:52:35', 68, '2.0000', 'MONITOR 21 PULGADAS', '1500.0000', '0.0000', '3000.0000'),
(99, 2, 'SI', 0, '2013-03-19 19:52:35', 0, '2013-03-19 19:52:35', 68, '1.0000', 'CELULAR LG', '2000.0000', '0.0000', '2000.0000'),
(100, 2, 'SI', 0, '2013-03-19 19:52:37', 0, '2013-03-19 19:52:37', 69, '2.0000', 'MONITOR 21 PULGADAS', '1500.0000', '0.0000', '3000.0000'),
(101, 2, 'SI', 0, '2013-03-19 19:52:38', 0, '2013-03-19 19:52:38', 69, '1.0000', 'CELULAR LG', '2000.0000', '0.0000', '2000.0000'),
(102, 2, 'SI', 0, '2013-03-19 19:59:41', 0, '2013-03-19 19:59:41', 70, '2.0000', 'MONITOR 21 PULGADAS', '1500.0000', '0.0000', '3000.0000'),
(103, 2, 'SI', 0, '2013-03-19 19:59:41', 0, '2013-03-19 19:59:41', 70, '1.0000', 'CELULAR LG', '2000.0000', '0.0000', '2000.0000'),
(104, 2, 'SI', 0, '2013-03-19 20:00:00', 0, '2013-03-19 20:00:00', 71, '2.0000', 'MONITOR 21 PULGADAS', '1500.0000', '0.0000', '3000.0000'),
(105, 2, 'SI', 0, '2013-03-19 20:00:00', 0, '2013-03-19 20:00:00', 71, '1.0000', 'CELULAR LG', '2000.0000', '0.0000', '2000.0000');

-- --------------------------------------------------------

--
-- Table structure for table `cbb_factura`
--

CREATE TABLE IF NOT EXISTS `cbb_factura` (
  `id` int(11) NOT NULL AUTO_INCREMENT,
  `cuenta_id` int(11) NOT NULL,
  `activo` varchar(2) DEFAULT 'SI',
  `usuario_creacion_id` int(11) DEFAULT NULL,
  `fecha_creacion` datetime DEFAULT NULL,
  `usuario_edicion_id` int(11) DEFAULT NULL,
  `fecha_edicion` datetime DEFAULT NULL,
  `cbb_folios_id` int(11) DEFAULT NULL,
  `sucursal_id` int(11) DEFAULT NULL,
  `serie` varchar(25) DEFAULT NULL,
  `folio` varchar(25) DEFAULT NULL,
  `fecha` date DEFAULT NULL,
  `no_aprobacion` varchar(25) DEFAULT NULL,
  `forma_pago` varchar(50) DEFAULT NULL,
  `subtotal` decimal(16,4) DEFAULT '0.0000',
  `descuento` decimal(16,4) DEFAULT '0.0000',
  `total` decimal(16,4) DEFAULT '0.0000',
  `comentarios` tinytext,
  `status` varchar(10) DEFAULT 'EMITIDA',
  `motivo_cancelacion` varchar(255) DEFAULT NULL,
  `pago` varchar(2) DEFAULT 'NO',
  `envio` varchar(2) DEFAULT 'NO',
  PRIMARY KEY (`id`)
) ENGINE=InnoDB  DEFAULT CHARSET=latin1 AUTO_INCREMENT=72 ;

--
-- Dumping data for table `cbb_factura`
--

INSERT INTO `cbb_factura` (`id`, `cuenta_id`, `activo`, `usuario_creacion_id`, `fecha_creacion`, `usuario_edicion_id`, `fecha_edicion`, `cbb_folios_id`, `sucursal_id`, `serie`, `folio`, `fecha`, `no_aprobacion`, `forma_pago`, `subtotal`, `descuento`, `total`, `comentarios`, `status`, `motivo_cancelacion`, `pago`, `envio`) VALUES
(1, 2, 'SI', 0, '2013-03-12 00:00:00', 0, '2013-03-12 00:00:00', 1, 1, 'A', '123', '2013-03-05', '32432432', 'UNA SOLA EXHIBICI흁', '100.0000', '0.0000', '16.0000', NULL, 'EMITIDA', NULL, 'NO', 'NO'),
(7, 2, 'SI', 0, '2013-03-19 15:07:37', 0, '2013-03-19 15:07:37', 2, 3, 'B', '2346', '2013-03-07', '68855431', 'UNA SOLA EXHIBICI흁', '1500.0000', '0.0000', '1740.0000', NULL, 'EMITIDA', NULL, 'NO', 'NO'),
(8, 2, 'SI', 0, '2013-03-19 15:09:05', 0, '2013-03-19 15:09:05', 2, 3, 'B', '2347', '2013-03-19', '68855431', 'UNA SOLA EXHIBICI흁', '1500.0000', '0.0000', '1740.0000', NULL, 'EMITIDA', NULL, 'NO', 'NO'),
(9, 2, 'SI', 0, '2013-03-19 15:13:21', 0, '2013-03-19 15:13:21', 3, 4, 'A', '362', '2013-03-19', '32423432', 'UNA SOLA EXHIBICI흁', '1500.0000', '0.0000', '1740.0000', NULL, 'EMITIDA', NULL, 'NO', 'NO'),
(10, 2, 'SI', 0, '2013-03-19 15:39:23', 0, '2013-03-19 15:39:23', 3, 4, 'A', '363', '2013-03-19', '32423432', 'UNA SOLA EXHIBICI흁', '1500.0000', '0.0000', '1740.0000', NULL, 'EMITIDA', NULL, 'NO', 'NO'),
(11, 2, 'SI', 0, '2013-03-19 15:41:01', 0, '2013-03-19 15:41:01', 2, 3, 'B', '2348', '2013-03-19', '68855431', 'UNA SOLA EXHIBICI흁', '1500.0000', '0.0000', '1740.0000', NULL, 'EMITIDA', NULL, 'NO', 'NO'),
(12, 2, 'SI', 0, '2013-03-19 15:44:08', 0, '2013-03-19 15:44:08', 2, 3, 'B', '2349', '2013-03-19', '68855431', 'UNA SOLA EXHIBICI흁', '1500.0000', '0.0000', '1740.0000', NULL, 'EMITIDA', NULL, 'NO', 'NO'),
(13, 2, 'SI', 0, '2013-03-19 15:45:22', NULL, '2013-03-19 19:22:45', 2, 3, 'B', '2350', '2013-03-19', '68855431', 'UNA SOLA EXHIBICI흁', '1500.0000', '0.0000', '1740.0000', NULL, 'CANCELADA', NULL, 'NO', 'NO'),
(14, 2, 'SI', 0, '2013-03-19 15:46:15', 0, '2013-03-19 15:46:15', 2, 3, 'B', '2351', '2013-03-19', '68855431', 'UNA SOLA EXHIBICI흁', '1500.0000', '0.0000', '1740.0000', NULL, 'EMITIDA', NULL, 'NO', 'NO'),
(15, 2, 'SI', 0, '2013-03-19 15:47:43', 0, '2013-03-19 15:47:43', 3, 4, 'A', '364', '2013-03-19', '32423432', 'UNA SOLA EXHIBICI흁', '1500.0000', '0.0000', '1740.0000', NULL, 'EMITIDA', NULL, 'NO', 'NO'),
(16, 2, 'SI', 0, '2013-03-19 15:47:55', 0, '2013-03-19 15:47:55', 2, 3, 'B', '2352', '2013-03-19', '68855431', 'UNA SOLA EXHIBICI흁', '1500.0000', '0.0000', '1740.0000', NULL, 'EMITIDA', NULL, 'NO', 'NO'),
(17, 2, 'SI', 0, '2013-03-19 15:52:40', 0, '2013-03-19 15:52:40', 2, 3, 'B', '2353', '2013-03-19', '68855431', 'UNA SOLA EXHIBICI흁', '1500.0000', '0.0000', '1740.0000', NULL, 'EMITIDA', NULL, 'NO', 'NO'),
(18, 2, 'SI', 0, '2013-03-19 16:00:34', 0, '2013-03-19 16:00:34', 2, 3, 'B', '2354', '2013-03-19', '68855431', 'UNA SOLA EXHIBICI흁', '1500.0000', '0.0000', '1740.0000', NULL, 'EMITIDA', NULL, 'NO', 'NO'),
(19, 2, 'SI', 0, '2013-03-19 16:01:27', 0, '2013-03-19 16:01:27', 2, 3, 'B', '2355', '2013-03-19', '68855431', 'UNA SOLA EXHIBICI흁', '3500.0000', '0.0000', '4060.0000', NULL, 'EMITIDA', NULL, 'NO', 'NO'),
(20, 2, 'SI', 0, '2013-03-19 16:02:25', 0, '2013-03-19 16:02:25', 3, 4, 'A', '365', '2013-03-19', '32423432', 'UNA SOLA EXHIBICI흁', '3500.0000', '0.0000', '4340.0000', NULL, 'EMITIDA', NULL, 'NO', 'NO'),
(21, 2, 'SI', 0, '2013-03-19 16:08:51', 0, '2013-03-19 16:08:51', 3, 4, 'A', '998', '2013-03-19', '32423432', 'UNA SOLA EXHIBICI흁', '3500.0000', '0.0000', '4340.0000', NULL, 'EMITIDA', NULL, 'NO', 'NO'),
(22, 2, 'SI', 0, '2013-03-19 16:09:09', 0, '2013-03-19 16:09:09', 3, 4, 'A', '999', '2013-03-19', '32423432', 'UNA SOLA EXHIBICI흁', '3500.0000', '0.0000', '4340.0000', NULL, 'EMITIDA', NULL, 'NO', 'NO'),
(23, 2, 'SI', 0, '2013-03-19 16:11:58', 0, '2013-03-19 16:11:58', 3, 4, 'A', '1000', '2013-03-19', '32423432', 'UNA SOLA EXHIBICI흁', '3500.0000', '0.0000', '4340.0000', NULL, 'EMITIDA', NULL, 'NO', 'NO'),
(24, 2, 'SI', 0, '2013-03-19 16:12:19', 0, '2013-03-19 16:12:19', 4, 4, 'A', '1001', '2013-03-19', '487963487', 'UNA SOLA EXHIBICI흁', '3500.0000', '0.0000', '4340.0000', NULL, 'EMITIDA', NULL, 'NO', 'NO'),
(25, 2, 'SI', 0, '2013-03-19 16:13:09', 0, '2013-03-19 16:13:09', 4, 4, 'A', '1002', '2013-03-19', '487963487', 'UNA SOLA EXHIBICI흁', '3500.0000', '0.0000', '4340.0000', NULL, 'EMITIDA', NULL, 'NO', 'NO'),
(26, 2, 'SI', 0, '2013-03-19 16:16:23', 0, '2013-03-19 16:16:23', 2, 3, 'B', '2356', '2013-03-19', '68855431', 'UNA SOLA EXHIBICI흁', '3500.0000', '0.0000', '4340.0000', NULL, 'EMITIDA', NULL, 'NO', 'NO'),
(27, 2, 'SI', 0, '2013-03-19 16:17:54', 0, '2013-03-19 16:17:54', 2, 3, 'B', '2357', '2013-03-19', '68855431', 'UNA SOLA EXHIBICI흁', '3500.0000', '0.0000', '4340.0000', NULL, 'EMITIDA', NULL, 'NO', 'NO'),
(28, 2, 'SI', 0, '2013-03-19 16:26:57', 0, '2013-03-19 16:26:57', 2, 3, 'B', '2358', '2013-03-19', '68855431', 'UNA SOLA EXHIBICI흁', '3500.0000', '0.0000', '4340.0000', NULL, 'EMITIDA', NULL, 'NO', 'NO'),
(29, 2, 'SI', 0, '2013-03-19 16:27:27', 0, '2013-03-19 16:27:27', 2, 3, 'B', '2359', '2013-03-19', '68855431', 'UNA SOLA EXHIBICI흁', '3500.0000', '0.0000', '4340.0000', NULL, 'EMITIDA', NULL, 'NO', 'NO'),
(30, 2, 'SI', 0, '2013-03-19 16:32:13', 0, '2013-03-19 16:32:13', 2, 3, 'B', '2360', '2013-03-19', '68855431', 'UNA SOLA EXHIBICI흁', '3500.0000', '0.0000', '4340.0000', NULL, 'EMITIDA', NULL, 'NO', 'NO'),
(31, 2, 'SI', 0, '2013-03-19 16:32:56', 0, '2013-03-19 16:32:56', 2, 3, 'B', '2361', '2013-03-19', '68855431', 'UNA SOLA EXHIBICI흁', '3500.0000', '0.0000', '4340.0000', NULL, 'EMITIDA', NULL, 'NO', 'NO'),
(32, 2, 'SI', 0, '2013-03-19 16:39:09', 0, '2013-03-19 16:39:09', 2, 3, 'B', '2362', '2013-03-19', '68855431', 'UNA SOLA EXHIBICI흁', '3500.0000', '0.0000', '4340.0000', NULL, 'EMITIDA', NULL, 'NO', 'NO'),
(33, 2, 'SI', 0, '2013-03-19 16:40:11', 0, '2013-03-19 16:40:11', 2, 3, 'B', '2363', '2013-03-19', '68855431', 'UNA SOLA EXHIBICI흁', '3500.0000', '0.0000', '4340.0000', NULL, 'EMITIDA', NULL, 'NO', 'NO'),
(34, 2, 'SI', 0, '2013-03-19 16:40:31', 0, '2013-03-19 16:40:31', 2, 3, 'B', '2364', '2013-03-19', '68855431', 'UNA SOLA EXHIBICI흁', '3500.0000', '0.0000', '4340.0000', NULL, 'EMITIDA', NULL, 'NO', 'NO'),
(35, 2, 'SI', 0, '2013-03-19 16:44:00', 0, '2013-03-19 16:44:00', 2, 3, 'B', '2365', '2013-03-19', '68855431', 'UNA SOLA EXHIBICI흁', '3500.0000', '0.0000', '4340.0000', NULL, 'EMITIDA', NULL, 'NO', 'NO'),
(36, 2, 'SI', 0, '2013-03-19 16:47:49', 0, '2013-03-19 16:47:49', 2, 3, 'B', '2366', '2013-03-19', '68855431', 'UNA SOLA EXHIBICI흁', '3500.0000', '0.0000', '4340.0000', NULL, 'EMITIDA', NULL, 'NO', 'NO'),
(37, 2, 'SI', 0, '2013-03-19 16:49:06', 0, '2013-03-19 16:49:06', 2, 3, 'B', '2367', '2013-03-19', '68855431', 'UNA SOLA EXHIBICI흁', '3500.0000', '0.0000', '4340.0000', NULL, 'EMITIDA', NULL, 'NO', 'NO'),
(38, 2, 'SI', 0, '2013-03-19 16:52:11', 0, '2013-03-19 16:52:11', 2, 3, 'B', '2368', '2013-03-19', '68855431', 'UNA SOLA EXHIBICI흁', '3500.0000', '0.0000', '4340.0000', NULL, 'EMITIDA', NULL, 'NO', 'NO'),
(39, 2, 'SI', 0, '2013-03-19 16:52:36', 0, '2013-03-19 16:52:36', 2, 3, 'B', '2369', '2013-03-19', '68855431', 'UNA SOLA EXHIBICI흁', '3500.0000', '0.0000', '4340.0000', NULL, 'EMITIDA', NULL, 'NO', 'NO'),
(40, 2, 'SI', 0, '2013-03-19 16:53:42', 0, '2013-03-19 16:53:42', 2, 3, 'B', '2370', '2013-03-19', '68855431', 'UNA SOLA EXHIBICI흁', '3500.0000', '0.0000', '4340.0000', NULL, 'EMITIDA', NULL, 'NO', 'NO'),
(41, 2, 'SI', 0, '2013-03-19 16:54:26', 0, '2013-03-19 16:54:26', 2, 3, 'B', '2371', '2013-03-19', '68855431', 'UNA SOLA EXHIBICI흁', '3500.0000', '0.0000', '4340.0000', NULL, 'EMITIDA', NULL, 'NO', 'NO'),
(42, 2, 'SI', 0, '2013-03-19 16:55:26', 0, '2013-03-19 16:55:26', 2, 3, 'B', '2372', '2013-03-19', '68855431', 'UNA SOLA EXHIBICI흁', '3500.0000', '0.0000', '4340.0000', NULL, 'EMITIDA', NULL, 'NO', 'NO'),
(43, 2, 'SI', 0, '2013-03-19 16:57:00', 0, '2013-03-19 16:57:00', 2, 3, 'B', '2373', '2013-03-19', '68855431', 'UNA SOLA EXHIBICI흁', '3500.0000', '0.0000', '4340.0000', NULL, 'EMITIDA', NULL, 'NO', 'NO'),
(44, 2, 'SI', 0, '2013-03-19 16:59:24', 0, '2013-03-19 16:59:24', 2, 3, 'B', '2374', '2013-03-19', '68855431', 'UNA SOLA EXHIBICI흁', '3500.0000', '0.0000', '4340.0000', NULL, 'EMITIDA', NULL, 'NO', 'NO'),
(45, 2, 'SI', 0, '2013-03-19 17:03:41', 0, '2013-03-19 17:03:41', 2, 3, 'B', '2375', '2013-03-19', '68855431', 'UNA SOLA EXHIBICI흁', '3500.0000', '0.0000', '4340.0000', NULL, 'EMITIDA', NULL, 'NO', 'NO'),
(46, 2, 'SI', 0, '2013-03-19 17:05:17', 0, '2013-03-19 17:05:17', 2, 3, 'B', '2376', '2013-03-19', '68855431', 'UNA SOLA EXHIBICI흁', '3500.0000', '0.0000', '4340.0000', NULL, 'EMITIDA', NULL, 'NO', 'NO'),
(47, 2, 'SI', 0, '2013-03-19 17:08:14', 0, '2013-03-19 17:08:14', 2, 3, 'B', '2377', '2013-03-19', '68855431', 'UNA SOLA EXHIBICI흁', '3500.0000', '0.0000', '4340.0000', NULL, 'EMITIDA', NULL, 'NO', 'NO'),
(48, 2, 'SI', 0, '2013-03-19 17:09:19', 0, '2013-03-19 17:09:19', 2, 3, 'B', '2378', '2013-03-19', '68855431', 'UNA SOLA EXHIBICI흁', '3500.0000', '0.0000', '4340.0000', NULL, 'EMITIDA', NULL, 'NO', 'NO'),
(49, 2, 'SI', 0, '2013-03-19 17:10:38', 0, '2013-03-19 17:10:38', 2, 3, 'B', '2379', '2013-03-19', '68855431', 'UNA SOLA EXHIBICI흁', '3500.0000', '0.0000', '4340.0000', NULL, 'EMITIDA', NULL, 'NO', 'NO'),
(50, 2, 'SI', 0, '2013-03-19 17:11:26', 0, '2013-03-19 17:11:26', 2, 3, 'B', '2380', '2013-03-19', '68855431', 'UNA SOLA EXHIBICI흁', '3500.0000', '0.0000', '4340.0000', NULL, 'EMITIDA', NULL, 'NO', 'NO'),
(51, 2, 'SI', 0, '2013-03-19 17:12:09', 0, '2013-03-19 17:12:09', 2, 3, 'B', '2381', '2013-03-19', '68855431', 'UNA SOLA EXHIBICI흁', '3500.0000', '0.0000', '4340.0000', NULL, 'EMITIDA', NULL, 'NO', 'NO'),
(52, 2, 'SI', 0, '2013-03-19 17:25:41', 0, '2013-03-19 17:25:41', 2, 3, 'B', '2382', '2013-03-19', '68855431', 'UNA SOLA EXHIBICI흁', '3500.0000', '0.0000', '4340.0000', NULL, 'EMITIDA', NULL, 'NO', 'NO'),
(53, 2, 'SI', 0, '2013-03-19 17:26:33', 0, '2013-03-19 17:26:33', 2, 3, 'B', '2383', '2013-03-19', '68855431', 'UNA SOLA EXHIBICI흁', '3500.0000', '0.0000', '4340.0000', NULL, 'EMITIDA', NULL, 'NO', 'NO'),
(54, 2, 'SI', 0, '2013-03-19 17:29:23', 0, '2013-03-19 17:29:23', 2, 3, 'B', '2384', '2013-03-19', '68855431', 'UNA SOLA EXHIBICI흁', '3500.0000', '0.0000', '4340.0000', NULL, 'EMITIDA', NULL, 'NO', 'NO'),
(55, 2, 'SI', 0, '2013-03-19 17:30:23', 0, '2013-03-19 17:30:23', 2, 3, 'B', '2385', '2013-03-19', '68855431', 'UNA SOLA EXHIBICI흁', '3500.0000', '0.0000', '4340.0000', NULL, 'EMITIDA', NULL, 'NO', 'NO'),
(56, 2, 'SI', 0, '2013-03-19 17:38:04', 0, '2013-03-19 17:38:04', 2, 3, 'B', '2386', '2013-03-19', '68855431', 'UNA SOLA EXHIBICI흁', '3500.0000', '0.0000', '4340.0000', NULL, 'EMITIDA', NULL, 'NO', 'NO'),
(57, 2, 'SI', 0, '2013-03-19 17:40:11', NULL, '2013-03-19 17:40:17', 2, 3, 'B', '2387', '2013-03-19', '68855431', 'UNA SOLA EXHIBICI흁', '3500.0000', '0.0000', '4340.0000', NULL, 'CANCELADA', NULL, 'NO', 'NO'),
(58, 2, 'SI', 0, '2013-03-19 17:40:44', NULL, '2013-03-19 17:40:48', 2, 3, 'B', '2388', '2013-03-19', '68855431', 'UNA SOLA EXHIBICI흁', '3500.0000', '0.0000', '4340.0000', NULL, 'CANCELADA', NULL, 'NO', 'NO'),
(59, 2, 'SI', 0, '2013-03-19 17:41:23', 0, '2013-03-19 17:41:23', 2, 3, 'B', '2389', '2013-03-19', '68855431', 'UNA SOLA EXHIBICI흁', '3500.0000', '0.0000', '4340.0000', NULL, 'EMITIDA', NULL, 'NO', 'NO'),
(60, 2, 'SI', 0, '2013-03-19 17:45:38', NULL, '2013-03-19 17:46:12', 2, 3, 'B', '2390', '2013-03-19', '68855431', 'UNA SOLA EXHIBICI흁', '3500.0000', '0.0000', '4340.0000', NULL, 'CANCELADA', NULL, 'NO', 'NO'),
(61, 2, 'SI', 0, '2013-03-19 17:46:42', 0, '2013-03-19 17:46:42', 2, 3, 'B', '2391', '2013-03-19', '68855431', 'UNA SOLA EXHIBICI흁', '3500.0000', '0.0000', '4340.0000', NULL, 'EMITIDA', NULL, 'NO', 'NO'),
(62, 2, 'SI', 0, '2013-03-19 17:48:37', NULL, '2013-03-19 17:52:13', 2, 3, 'B', '2392', '2013-03-19', '68855431', 'UNA SOLA EXHIBICI흁', '3500.0000', '0.0000', '4340.0000', NULL, 'CANCELADA', NULL, 'NO', 'NO'),
(63, 2, 'SI', 0, '2013-03-19 17:52:44', NULL, '2013-03-19 17:53:11', 2, 3, 'B', '2393', '2013-03-19', '68855431', 'UNA SOLA EXHIBICI흁', '3500.0000', '0.0000', '4340.0000', NULL, 'CANCELADA', NULL, 'NO', 'NO'),
(64, 2, 'SI', 0, '2013-03-19 18:06:32', 0, '2013-03-19 18:06:32', 2, 3, 'B', '2394', '2013-03-19', '68855431', 'UNA SOLA EXHIBICI흁', '3500.0000', '0.0000', '4340.0000', NULL, 'EMITIDA', NULL, 'NO', 'NO'),
(65, 2, 'SI', 0, '2013-03-19 18:29:46', 0, '2013-03-19 18:29:46', 2, 3, 'B', '2395', '2013-03-19', '68855431', 'UNA SOLA EXHIBICI흁', '1500.0000', '0.0000', '1860.0000', NULL, 'EMITIDA', NULL, 'NO', 'NO'),
(66, 2, 'SI', 0, '2013-03-19 18:32:46', NULL, '2013-03-19 18:34:15', 2, 3, 'B', '2396', '2013-03-19', '68855431', 'UNA SOLA EXHIBICI흁', '1500.0000', '0.0000', '1860.0000', NULL, 'CANCELADA', NULL, 'NO', 'NO'),
(67, 2, 'SI', 0, '2013-03-19 19:49:31', 0, '2013-03-19 19:49:31', 2, 3, 'B', '2397', '2013-03-19', '68855431', 'UNA SOLA EXHIBICI흁', '5000.0000', '0.0000', '6200.0000', NULL, 'EMITIDA', NULL, 'NO', 'NO'),
(68, 2, 'SI', 0, '2013-03-19 19:52:35', 0, '2013-03-19 19:52:35', 5, 4, 'A', '1003', '2013-03-19', '548987978', 'UNA SOLA EXHIBICI흁', '5000.0000', '0.0000', '6200.0000', NULL, 'EMITIDA', NULL, 'NO', 'NO'),
(69, 2, 'SI', 0, '2013-03-19 19:52:37', 0, '2013-03-19 19:52:37', 5, 4, 'A', '1004', '2013-03-19', '548987978', 'UNA SOLA EXHIBICI흁', '5000.0000', '0.0000', '6200.0000', NULL, 'EMITIDA', NULL, 'NO', 'NO'),
(70, 2, 'SI', 0, '2013-03-19 19:59:40', 0, '2013-03-19 19:59:40', 2, NULL, 'B', '2398', '2013-03-19', '68855431', 'UNA SOLA EXHIBICI흁', '5000.0000', '0.0000', '6200.0000', NULL, 'EMITIDA', NULL, 'NO', 'NO'),
(71, 2, 'SI', 0, '2013-03-19 19:59:59', 0, '2013-03-19 19:59:59', 2, NULL, 'B', '2399', '2013-03-19', '68855431', 'UNA SOLA EXHIBICI흁', '5000.0000', '0.0000', '6200.0000', NULL, 'EMITIDA', NULL, 'NO', 'NO');

-- --------------------------------------------------------

--
-- Table structure for table `cbb_folio`
--

CREATE TABLE IF NOT EXISTS `cbb_folio` (
  `id` int(11) NOT NULL AUTO_INCREMENT,
  `cuenta_id` int(11) NOT NULL,
  `activo` varchar(2) DEFAULT 'SI',
  `usuario_creacion_id` int(11) DEFAULT NULL,
  `fecha_creacion` datetime DEFAULT NULL,
  `usuario_edicion_id` int(11) DEFAULT NULL,
  `fecha_edicion` datetime DEFAULT NULL,
  `serie` varchar(25) NOT NULL,
  `inicial` int(11) DEFAULT NULL,
  `final` int(11) DEFAULT NULL,
  `actual` int(11) DEFAULT NULL,
  `fecha_recepcion` date DEFAULT NULL,
  `numero_aprobacion` varchar(15) DEFAULT NULL,
  `tipo_documento` varchar(25) DEFAULT NULL,
  PRIMARY KEY (`id`)
) ENGINE=InnoDB  DEFAULT CHARSET=latin1 AUTO_INCREMENT=6 ;

--
-- Dumping data for table `cbb_folio`
--

INSERT INTO `cbb_folio` (`id`, `cuenta_id`, `activo`, `usuario_creacion_id`, `fecha_creacion`, `usuario_edicion_id`, `fecha_edicion`, `serie`, `inicial`, `final`, `actual`, `fecha_recepcion`, `numero_aprobacion`, `tipo_documento`) VALUES
(2, 2, 'SI', 0, '2013-03-07 22:50:24', NULL, '2013-03-07 22:52:32', 'B', 2000, 4000, 2400, '2013-03-07', '68855431', 'FACTURA'),
(3, 2, 'SI', 0, '2013-03-19 15:09:59', NULL, '2013-03-19 15:09:59', 'A', 1, 1000, 1001, '2012-03-02', '32423432', 'FACTURA'),
(4, 2, 'SI', 0, '2013-03-19 16:04:24', NULL, '2013-03-19 16:12:56', 'A', 1001, 1002, 1003, '2013-03-19', '487963487', 'FACTURA'),
(5, 2, 'SI', 0, '2013-03-19 19:52:18', NULL, '2013-03-19 19:52:18', 'A', 1003, 2000, 1005, '2013-03-19', '548987978', 'FACTURA');

-- --------------------------------------------------------

--
-- Table structure for table `cbb_impuesto`
--

CREATE TABLE IF NOT EXISTS `cbb_impuesto` (
  `id` int(11) NOT NULL AUTO_INCREMENT,
  `cuenta_id` int(11) NOT NULL,
  `activo` varchar(2) DEFAULT 'SI',
  `usuario_creacion_id` int(11) DEFAULT NULL,
  `fecha_creacion` datetime DEFAULT NULL,
  `usuario_edicion_id` int(11) DEFAULT NULL,
  `fecha_edicion` datetime DEFAULT NULL,
  `cbb_id` int(11) NOT NULL,
  `nombre` varchar(10) NOT NULL,
  `tasa` tinyint(4) NOT NULL DEFAULT '16',
  `importe` decimal(16,2) NOT NULL,
  `tipo` varchar(25) NOT NULL DEFAULT 'TRASLADADO',
  PRIMARY KEY (`id`)
) ENGINE=InnoDB  DEFAULT CHARSET=latin1 AUTO_INCREMENT=107 ;

--
-- Dumping data for table `cbb_impuesto`
--

INSERT INTO `cbb_impuesto` (`id`, `cuenta_id`, `activo`, `usuario_creacion_id`, `fecha_creacion`, `usuario_edicion_id`, `fecha_edicion`, `cbb_id`, `nombre`, `tasa`, `importe`, `tipo`) VALUES
(1, 2, 'SI', 0, '2013-03-19 16:00:34', 0, '2013-03-19 16:00:34', 18, 'IVA', 16, '240.00', 'TRASLADADO'),
(2, 2, 'SI', 0, '2013-03-19 16:01:28', 0, '2013-03-19 16:01:28', 19, 'IVA', 16, '560.00', 'TRASLADADO'),
(3, 2, 'SI', 0, '2013-03-19 16:02:25', 0, '2013-03-19 16:02:25', 20, 'IVA', 16, '560.00', 'TRASLADADO'),
(4, 2, 'SI', 0, '2013-03-19 16:02:25', 0, '2013-03-19 16:02:25', 20, 'IETU', 8, '280.00', 'RETENIDO'),
(5, 2, 'SI', 0, '2013-03-19 16:08:51', 0, '2013-03-19 16:08:51', 21, 'IVA', 16, '560.00', 'TRASLADADO'),
(6, 2, 'SI', 0, '2013-03-19 16:08:51', 0, '2013-03-19 16:08:51', 21, 'IETU', 8, '280.00', 'RETENIDO'),
(7, 2, 'SI', 0, '2013-03-19 16:09:09', 0, '2013-03-19 16:09:09', 22, 'IVA', 16, '560.00', 'TRASLADADO'),
(8, 2, 'SI', 0, '2013-03-19 16:09:09', 0, '2013-03-19 16:09:09', 22, 'IETU', 8, '280.00', 'RETENIDO'),
(9, 2, 'SI', 0, '2013-03-19 16:11:58', 0, '2013-03-19 16:11:58', 23, 'IVA', 16, '560.00', 'TRASLADADO'),
(10, 2, 'SI', 0, '2013-03-19 16:11:58', 0, '2013-03-19 16:11:58', 23, 'IETU', 8, '280.00', 'RETENIDO'),
(11, 2, 'SI', 0, '2013-03-19 16:12:19', 0, '2013-03-19 16:12:19', 24, 'IVA', 16, '560.00', 'TRASLADADO'),
(12, 2, 'SI', 0, '2013-03-19 16:12:19', 0, '2013-03-19 16:12:19', 24, 'IETU', 8, '280.00', 'RETENIDO'),
(13, 2, 'SI', 0, '2013-03-19 16:13:09', 0, '2013-03-19 16:13:09', 25, 'IVA', 16, '560.00', 'TRASLADADO'),
(14, 2, 'SI', 0, '2013-03-19 16:13:09', 0, '2013-03-19 16:13:09', 25, 'IETU', 8, '280.00', 'RETENIDO'),
(15, 2, 'SI', 0, '2013-03-19 16:16:24', 0, '2013-03-19 16:16:24', 26, 'IVA', 16, '560.00', 'TRASLADADO'),
(16, 2, 'SI', 0, '2013-03-19 16:16:24', 0, '2013-03-19 16:16:24', 26, 'IETU', 8, '280.00', 'RETENIDO'),
(17, 2, 'SI', 0, '2013-03-19 16:17:54', 0, '2013-03-19 16:17:54', 27, 'IVA', 16, '560.00', 'TRASLADADO'),
(18, 2, 'SI', 0, '2013-03-19 16:17:54', 0, '2013-03-19 16:17:54', 27, 'IETU', 8, '280.00', 'RETENIDO'),
(19, 2, 'SI', 0, '2013-03-19 16:26:57', 0, '2013-03-19 16:26:57', 28, 'IVA', 16, '560.00', 'TRASLADADO'),
(20, 2, 'SI', 0, '2013-03-19 16:26:57', 0, '2013-03-19 16:26:57', 28, 'IETU', 8, '280.00', 'RETENIDO'),
(21, 2, 'SI', 0, '2013-03-19 16:27:27', 0, '2013-03-19 16:27:27', 29, 'IVA', 16, '560.00', 'TRASLADADO'),
(22, 2, 'SI', 0, '2013-03-19 16:27:27', 0, '2013-03-19 16:27:27', 29, 'IETU', 8, '280.00', 'RETENIDO'),
(23, 2, 'SI', 0, '2013-03-19 16:32:13', 0, '2013-03-19 16:32:13', 30, 'IVA', 16, '560.00', 'TRASLADADO'),
(24, 2, 'SI', 0, '2013-03-19 16:32:13', 0, '2013-03-19 16:32:13', 30, 'IETU', 8, '280.00', 'RETENIDO'),
(25, 2, 'SI', 0, '2013-03-19 16:32:56', 0, '2013-03-19 16:32:56', 31, 'IVA', 16, '560.00', 'TRASLADADO'),
(26, 2, 'SI', 0, '2013-03-19 16:32:56', 0, '2013-03-19 16:32:56', 31, 'IETU', 8, '280.00', 'RETENIDO'),
(27, 2, 'SI', 0, '2013-03-19 16:39:09', 0, '2013-03-19 16:39:09', 32, 'IVA', 16, '560.00', 'TRASLADADO'),
(28, 2, 'SI', 0, '2013-03-19 16:39:09', 0, '2013-03-19 16:39:09', 32, 'IETU', 8, '280.00', 'RETENIDO'),
(29, 2, 'SI', 0, '2013-03-19 16:40:11', 0, '2013-03-19 16:40:11', 33, 'IVA', 16, '560.00', 'TRASLADADO'),
(30, 2, 'SI', 0, '2013-03-19 16:40:11', 0, '2013-03-19 16:40:11', 33, 'IETU', 8, '280.00', 'RETENIDO'),
(31, 2, 'SI', 0, '2013-03-19 16:40:31', 0, '2013-03-19 16:40:31', 34, 'IVA', 16, '560.00', 'TRASLADADO'),
(32, 2, 'SI', 0, '2013-03-19 16:40:31', 0, '2013-03-19 16:40:31', 34, 'IETU', 8, '280.00', 'RETENIDO'),
(33, 2, 'SI', 0, '2013-03-19 16:44:00', 0, '2013-03-19 16:44:00', 35, 'IVA', 16, '560.00', 'TRASLADADO'),
(34, 2, 'SI', 0, '2013-03-19 16:44:00', 0, '2013-03-19 16:44:00', 35, 'IETU', 8, '280.00', 'RETENIDO'),
(35, 2, 'SI', 0, '2013-03-19 16:47:49', 0, '2013-03-19 16:47:49', 36, 'IVA', 16, '560.00', 'TRASLADADO'),
(36, 2, 'SI', 0, '2013-03-19 16:47:49', 0, '2013-03-19 16:47:49', 36, 'IETU', 8, '280.00', 'RETENIDO'),
(37, 2, 'SI', 0, '2013-03-19 16:49:06', 0, '2013-03-19 16:49:06', 37, 'IVA', 16, '560.00', 'TRASLADADO'),
(38, 2, 'SI', 0, '2013-03-19 16:49:06', 0, '2013-03-19 16:49:06', 37, 'IETU', 8, '280.00', 'RETENIDO'),
(39, 2, 'SI', 0, '2013-03-19 16:52:11', 0, '2013-03-19 16:52:11', 38, 'IVA', 16, '560.00', 'TRASLADADO'),
(40, 2, 'SI', 0, '2013-03-19 16:52:11', 0, '2013-03-19 16:52:11', 38, 'IETU', 8, '280.00', 'RETENIDO'),
(41, 2, 'SI', 0, '2013-03-19 16:52:36', 0, '2013-03-19 16:52:36', 39, 'IVA', 16, '560.00', 'TRASLADADO'),
(42, 2, 'SI', 0, '2013-03-19 16:52:36', 0, '2013-03-19 16:52:36', 39, 'IETU', 8, '280.00', 'RETENIDO'),
(43, 2, 'SI', 0, '2013-03-19 16:53:42', 0, '2013-03-19 16:53:42', 40, 'IVA', 16, '560.00', 'TRASLADADO'),
(44, 2, 'SI', 0, '2013-03-19 16:53:42', 0, '2013-03-19 16:53:42', 40, 'IETU', 8, '280.00', 'RETENIDO'),
(45, 2, 'SI', 0, '2013-03-19 16:54:26', 0, '2013-03-19 16:54:26', 41, 'IVA', 16, '560.00', 'TRASLADADO'),
(46, 2, 'SI', 0, '2013-03-19 16:54:26', 0, '2013-03-19 16:54:26', 41, 'IETU', 8, '280.00', 'RETENIDO'),
(47, 2, 'SI', 0, '2013-03-19 16:55:26', 0, '2013-03-19 16:55:26', 42, 'IVA', 16, '560.00', 'TRASLADADO'),
(48, 2, 'SI', 0, '2013-03-19 16:55:26', 0, '2013-03-19 16:55:26', 42, 'IETU', 8, '280.00', 'RETENIDO'),
(49, 2, 'SI', 0, '2013-03-19 16:57:01', 0, '2013-03-19 16:57:01', 43, 'IVA', 16, '560.00', 'TRASLADADO'),
(50, 2, 'SI', 0, '2013-03-19 16:57:01', 0, '2013-03-19 16:57:01', 43, 'IETU', 8, '280.00', 'RETENIDO'),
(51, 2, 'SI', 0, '2013-03-19 16:59:24', 0, '2013-03-19 16:59:24', 44, 'IVA', 16, '560.00', 'TRASLADADO'),
(52, 2, 'SI', 0, '2013-03-19 16:59:24', 0, '2013-03-19 16:59:24', 44, 'IETU', 8, '280.00', 'RETENIDO'),
(53, 2, 'SI', 0, '2013-03-19 17:03:41', 0, '2013-03-19 17:03:41', 45, 'IVA', 16, '560.00', 'TRASLADADO'),
(54, 2, 'SI', 0, '2013-03-19 17:03:41', 0, '2013-03-19 17:03:41', 45, 'IETU', 8, '280.00', 'RETENIDO'),
(55, 2, 'SI', 0, '2013-03-19 17:05:17', 0, '2013-03-19 17:05:17', 46, 'IVA', 16, '560.00', 'TRASLADADO'),
(56, 2, 'SI', 0, '2013-03-19 17:05:17', 0, '2013-03-19 17:05:17', 46, 'IETU', 8, '280.00', 'RETENIDO'),
(57, 2, 'SI', 0, '2013-03-19 17:08:14', 0, '2013-03-19 17:08:14', 47, 'IVA', 16, '560.00', 'TRASLADADO'),
(58, 2, 'SI', 0, '2013-03-19 17:08:14', 0, '2013-03-19 17:08:14', 47, 'IETU', 8, '280.00', 'RETENIDO'),
(59, 2, 'SI', 0, '2013-03-19 17:09:19', 0, '2013-03-19 17:09:19', 48, 'IVA', 16, '560.00', 'TRASLADADO'),
(60, 2, 'SI', 0, '2013-03-19 17:09:19', 0, '2013-03-19 17:09:19', 48, 'IETU', 8, '280.00', 'RETENIDO'),
(61, 2, 'SI', 0, '2013-03-19 17:10:38', 0, '2013-03-19 17:10:38', 49, 'IVA', 16, '560.00', 'TRASLADADO'),
(62, 2, 'SI', 0, '2013-03-19 17:10:38', 0, '2013-03-19 17:10:38', 49, 'IETU', 8, '280.00', 'RETENIDO'),
(63, 2, 'SI', 0, '2013-03-19 17:11:26', 0, '2013-03-19 17:11:26', 50, 'IVA', 16, '560.00', 'TRASLADADO'),
(64, 2, 'SI', 0, '2013-03-19 17:11:26', 0, '2013-03-19 17:11:26', 50, 'IETU', 8, '280.00', 'RETENIDO'),
(65, 2, 'SI', 0, '2013-03-19 17:12:09', 0, '2013-03-19 17:12:09', 51, 'IVA', 16, '560.00', 'TRASLADADO'),
(66, 2, 'SI', 0, '2013-03-19 17:12:09', 0, '2013-03-19 17:12:09', 51, 'IETU', 8, '280.00', 'RETENIDO'),
(67, 2, 'SI', 0, '2013-03-19 17:25:41', 0, '2013-03-19 17:25:41', 52, 'IVA', 16, '560.00', 'TRASLADADO'),
(68, 2, 'SI', 0, '2013-03-19 17:25:41', 0, '2013-03-19 17:25:41', 52, 'IETU', 8, '280.00', 'RETENIDO'),
(69, 2, 'SI', 0, '2013-03-19 17:26:33', 0, '2013-03-19 17:26:33', 53, 'IVA', 16, '560.00', 'TRASLADADO'),
(70, 2, 'SI', 0, '2013-03-19 17:26:33', 0, '2013-03-19 17:26:33', 53, 'IETU', 8, '280.00', 'RETENIDO'),
(71, 2, 'SI', 0, '2013-03-19 17:29:23', 0, '2013-03-19 17:29:23', 54, 'IVA', 16, '560.00', 'TRASLADADO'),
(72, 2, 'SI', 0, '2013-03-19 17:29:23', 0, '2013-03-19 17:29:23', 54, 'IETU', 8, '280.00', 'RETENIDO'),
(73, 2, 'SI', 0, '2013-03-19 17:30:23', 0, '2013-03-19 17:30:23', 55, 'IVA', 16, '560.00', 'TRASLADADO'),
(74, 2, 'SI', 0, '2013-03-19 17:30:23', 0, '2013-03-19 17:30:23', 55, 'IETU', 8, '280.00', 'RETENIDO'),
(75, 2, 'SI', 0, '2013-03-19 17:38:05', 0, '2013-03-19 17:38:05', 56, 'IVA', 16, '560.00', 'TRASLADADO'),
(76, 2, 'SI', 0, '2013-03-19 17:38:05', 0, '2013-03-19 17:38:05', 56, 'IETU', 8, '280.00', 'RETENIDO'),
(77, 2, 'SI', 0, '2013-03-19 17:40:11', 0, '2013-03-19 17:40:11', 57, 'IVA', 16, '560.00', 'TRASLADADO'),
(78, 2, 'SI', 0, '2013-03-19 17:40:11', 0, '2013-03-19 17:40:11', 57, 'IETU', 8, '280.00', 'RETENIDO'),
(79, 2, 'SI', 0, '2013-03-19 17:40:44', 0, '2013-03-19 17:40:44', 58, 'IVA', 16, '560.00', 'TRASLADADO'),
(80, 2, 'SI', 0, '2013-03-19 17:40:44', 0, '2013-03-19 17:40:44', 58, 'IETU', 8, '280.00', 'RETENIDO'),
(81, 2, 'SI', 0, '2013-03-19 17:41:24', 0, '2013-03-19 17:41:24', 59, 'IVA', 16, '560.00', 'TRASLADADO'),
(82, 2, 'SI', 0, '2013-03-19 17:41:24', 0, '2013-03-19 17:41:24', 59, 'IETU', 8, '280.00', 'RETENIDO'),
(83, 2, 'SI', 0, '2013-03-19 17:45:38', 0, '2013-03-19 17:45:38', 60, 'IVA', 16, '560.00', 'TRASLADADO'),
(84, 2, 'SI', 0, '2013-03-19 17:45:38', 0, '2013-03-19 17:45:38', 60, 'IETU', 8, '280.00', 'RETENIDO'),
(85, 2, 'SI', 0, '2013-03-19 17:46:42', 0, '2013-03-19 17:46:42', 61, 'IVA', 16, '560.00', 'TRASLADADO'),
(86, 2, 'SI', 0, '2013-03-19 17:46:42', 0, '2013-03-19 17:46:42', 61, 'IETU', 8, '280.00', 'RETENIDO'),
(87, 2, 'SI', 0, '2013-03-19 17:48:38', 0, '2013-03-19 17:48:38', 62, 'IVA', 16, '560.00', 'TRASLADADO'),
(88, 2, 'SI', 0, '2013-03-19 17:48:38', 0, '2013-03-19 17:48:38', 62, 'IETU', 8, '280.00', 'RETENIDO'),
(89, 2, 'SI', 0, '2013-03-19 17:52:44', 0, '2013-03-19 17:52:44', 63, 'IVA', 16, '560.00', 'TRASLADADO'),
(90, 2, 'SI', 0, '2013-03-19 17:52:44', 0, '2013-03-19 17:52:44', 63, 'IETU', 8, '280.00', 'RETENIDO'),
(91, 2, 'SI', 0, '2013-03-19 18:06:32', 0, '2013-03-19 18:06:32', 64, 'IVA', 16, '560.00', 'TRASLADADO'),
(92, 2, 'SI', 0, '2013-03-19 18:06:32', 0, '2013-03-19 18:06:32', 64, 'IETU', 8, '280.00', 'RETENIDO'),
(93, 2, 'SI', 0, '2013-03-19 18:29:47', 0, '2013-03-19 18:29:47', 65, 'IVA', 16, '240.00', 'TRASLADADO'),
(94, 2, 'SI', 0, '2013-03-19 18:29:47', 0, '2013-03-19 18:29:47', 65, 'IETU', 8, '120.00', 'RETENIDO'),
(95, 2, 'SI', 0, '2013-03-19 18:32:46', 0, '2013-03-19 18:32:46', 66, 'IVA', 16, '240.00', 'TRASLADADO'),
(96, 2, 'SI', 0, '2013-03-19 18:32:46', 0, '2013-03-19 18:32:46', 66, 'IETU', 8, '120.00', 'RETENIDO'),
(97, 2, 'SI', 0, '2013-03-19 19:49:31', 0, '2013-03-19 19:49:31', 67, 'IVA', 16, '800.00', 'TRASLADADO'),
(98, 2, 'SI', 0, '2013-03-19 19:49:31', 0, '2013-03-19 19:49:31', 67, 'IETU', 8, '400.00', 'RETENIDO'),
(99, 2, 'SI', 0, '2013-03-19 19:52:35', 0, '2013-03-19 19:52:35', 68, 'IVA', 16, '800.00', 'TRASLADADO'),
(100, 2, 'SI', 0, '2013-03-19 19:52:35', 0, '2013-03-19 19:52:35', 68, 'IETU', 8, '400.00', 'RETENIDO'),
(101, 2, 'SI', 0, '2013-03-19 19:52:38', 0, '2013-03-19 19:52:38', 69, 'IVA', 16, '800.00', 'TRASLADADO'),
(102, 2, 'SI', 0, '2013-03-19 19:52:38', 0, '2013-03-19 19:52:38', 69, 'IETU', 8, '400.00', 'RETENIDO'),
(103, 2, 'SI', 0, '2013-03-19 19:59:41', 0, '2013-03-19 19:59:41', 70, 'IVA', 16, '800.00', 'TRASLADADO'),
(104, 2, 'SI', 0, '2013-03-19 19:59:41', 0, '2013-03-19 19:59:41', 70, 'IETU', 8, '400.00', 'RETENIDO'),
(105, 2, 'SI', 0, '2013-03-19 20:00:00', 0, '2013-03-19 20:00:00', 71, 'IVA', 16, '800.00', 'TRASLADADO'),
(106, 2, 'SI', 0, '2013-03-19 20:00:00', 0, '2013-03-19 20:00:00', 71, 'IETU', 8, '400.00', 'RETENIDO');

-- --------------------------------------------------------

--
-- Table structure for table `cbb_receptor`
--

CREATE TABLE IF NOT EXISTS `cbb_receptor` (
  `id` int(11) NOT NULL AUTO_INCREMENT,
  `cuenta_id` int(11) NOT NULL,
  `activo` varchar(2) DEFAULT 'SI',
  `usuario_creacion_id` int(11) DEFAULT NULL,
  `fecha_creacion` datetime DEFAULT NULL,
  `usuario_edicion_id` int(11) DEFAULT NULL,
  `fecha_edicion` datetime DEFAULT NULL,
  `cbb_id` int(11) NOT NULL,
  `rfc` varchar(15) NOT NULL,
  `nombre` varchar(100) DEFAULT NULL,
  `calle` varchar(100) DEFAULT NULL,
  `exterior` varchar(5) DEFAULT NULL,
  `interior` varchar(5) DEFAULT NULL,
  `colonia` varchar(50) DEFAULT NULL,
  `localidad` varchar(50) DEFAULT NULL,
  `municipio` varchar(50) DEFAULT NULL,
  `estado` varchar(25) DEFAULT NULL,
  `pais` varchar(25) DEFAULT NULL,
  `cpostal` varchar(5) DEFAULT NULL,
  PRIMARY KEY (`id`)
) ENGINE=InnoDB  DEFAULT CHARSET=latin1 AUTO_INCREMENT=63 ;

--
-- Dumping data for table `cbb_receptor`
--

INSERT INTO `cbb_receptor` (`id`, `cuenta_id`, `activo`, `usuario_creacion_id`, `fecha_creacion`, `usuario_edicion_id`, `fecha_edicion`, `cbb_id`, `rfc`, `nombre`, `calle`, `exterior`, `interior`, `colonia`, `localidad`, `municipio`, `estado`, `pais`, `cpostal`) VALUES
(1, 2, 'SI', 0, '2013-03-19 15:39:23', 0, '2013-03-19 15:39:23', 10, 'VECR8307073J1', 'RAMIRO ALONSO VERA CONTRERAS', 'ALEJANDRO PE헤', '57', NULL, 'LA REINA', 'AMECA', 'AMECA', 'JALISCO', 'M텢ICO', '46600'),
(2, 2, 'SI', 0, '2013-03-19 15:41:01', 0, '2013-03-19 15:41:01', 11, 'VECR8307073J1', 'RAMIRO ALONSO VERA CONTRERAS', 'ALEJANDRO PE헤', '57', NULL, 'LA REINA', 'AMECA', 'AMECA', 'JALISCO', 'M텢ICO', '46600'),
(3, 2, 'SI', 0, '2013-03-19 15:44:08', 0, '2013-03-19 15:44:08', 12, 'VECR8307073J1', 'RAMIRO ALONSO VERA CONTRERAS', 'ALEJANDRO PE헤', '57', NULL, 'LA REINA', 'AMECA', 'AMECA', 'JALISCO', 'M텢ICO', '46600'),
(4, 2, 'SI', 0, '2013-03-19 15:45:22', 0, '2013-03-19 15:45:22', 13, 'VECR8307073J1', 'RAMIRO ALONSO VERA CONTRERAS', 'ALEJANDRO PE헤', '57', NULL, 'LA REINA', 'AMECA', 'AMECA', 'JALISCO', 'M텢ICO', '46600'),
(5, 2, 'SI', 0, '2013-03-19 15:46:15', 0, '2013-03-19 15:46:15', 14, 'VECR8307073J1', 'RAMIRO ALONSO VERA CONTRERAS', 'ALEJANDRO PE헤', '57', NULL, 'LA REINA', 'AMECA', 'AMECA', 'JALISCO', 'M텢ICO', '46600'),
(6, 2, 'SI', 0, '2013-03-19 15:47:43', 0, '2013-03-19 15:47:43', 15, 'VECR8307073J1', 'RAMIRO ALONSO VERA CONTRERAS', 'ALEJANDRO PE헤', '57', NULL, 'LA REINA', 'AMECA', 'AMECA', 'JALISCO', 'M텢ICO', '46600'),
(7, 2, 'SI', 0, '2013-03-19 15:47:55', 0, '2013-03-19 15:47:55', 16, 'XXXX000000XXX', 'OLA K ASE', 'DFFDSFDSFSD', 'SDFFD', 'SDFDS', 'SDFFSDFSD', 'FDFDSFDS', 'DFSDFSFDSFSDFDS', 'TABASCO', 'M텢ICO', '34554'),
(8, 2, 'SI', 0, '2013-03-19 15:52:40', 0, '2013-03-19 15:52:40', 17, 'VECR8307073J1', 'RAMIRO ALONSO VERA CONTRERAS', 'ALEJANDRO PE헤', '57', NULL, 'LA REINA', 'AMECA', 'AMECA', 'JALISCO', 'M텢ICO', '46600'),
(9, 2, 'SI', 0, '2013-03-19 16:00:34', 0, '2013-03-19 16:00:34', 18, 'VECR8307073J1', 'RAMIRO ALONSO VERA CONTRERAS', 'ALEJANDRO PE헤', '57', NULL, 'LA REINA', 'AMECA', 'AMECA', 'JALISCO', 'M텢ICO', '46600'),
(10, 2, 'SI', 0, '2013-03-19 16:01:28', 0, '2013-03-19 16:01:28', 19, 'VECR8307073J1', 'RAMIRO ALONSO VERA CONTRERAS', 'ALEJANDRO PE헤', '57', NULL, 'LA REINA', 'AMECA', 'AMECA', 'JALISCO', 'M텢ICO', '46600'),
(11, 2, 'SI', 0, '2013-03-19 16:02:25', 0, '2013-03-19 16:02:25', 20, 'VECR8307073J1', 'RAMIRO ALONSO VERA CONTRERAS', 'ALEJANDRO PE헤', '57', NULL, 'LA REINA', 'AMECA', 'AMECA', 'JALISCO', 'M텢ICO', '46600'),
(12, 2, 'SI', 0, '2013-03-19 16:08:51', 0, '2013-03-19 16:08:51', 21, 'VECR8307073J1', 'RAMIRO ALONSO VERA CONTRERAS', 'ALEJANDRO PE헤', '57', NULL, 'LA REINA', 'AMECA', 'AMECA', 'JALISCO', 'M텢ICO', '46600'),
(13, 2, 'SI', 0, '2013-03-19 16:09:09', 0, '2013-03-19 16:09:09', 22, 'XXXX000000XXX', 'OLA K ASE', 'DFFDSFDSFSD', 'SDFFD', 'SDFDS', 'SDFFSDFSD', 'FDFDSFDS', 'DFSDFSFDSFSDFDS', 'TABASCO', 'M텢ICO', '34554'),
(14, 2, 'SI', 0, '2013-03-19 16:11:58', 0, '2013-03-19 16:11:58', 23, 'VECR8307073J1', 'RAMIRO ALONSO VERA CONTRERAS', 'ALEJANDRO PE헤', '57', NULL, 'LA REINA', 'AMECA', 'AMECA', 'JALISCO', 'M텢ICO', '46600'),
(15, 2, 'SI', 0, '2013-03-19 16:12:19', 0, '2013-03-19 16:12:19', 24, 'VECR8307073J1', 'RAMIRO ALONSO VERA CONTRERAS', 'ALEJANDRO PE헤', '57', NULL, 'LA REINA', 'AMECA', 'AMECA', 'JALISCO', 'M텢ICO', '46600'),
(16, 2, 'SI', 0, '2013-03-19 16:13:09', 0, '2013-03-19 16:13:09', 25, 'VECR8307073J1', 'RAMIRO ALONSO VERA CONTRERAS', 'ALEJANDRO PE헤', '57', NULL, 'LA REINA', 'AMECA', 'AMECA', 'JALISCO', 'M텢ICO', '46600'),
(17, 2, 'SI', 0, '2013-03-19 16:16:24', 0, '2013-03-19 16:16:24', 26, 'VECR8307073J1', 'RAMIRO ALONSO VERA CONTRERAS', 'ALEJANDRO PE헤', '57', NULL, 'LA REINA', 'AMECA', 'AMECA', 'JALISCO', 'M텢ICO', '46600'),
(18, 2, 'SI', 0, '2013-03-19 16:17:54', 0, '2013-03-19 16:17:54', 27, 'VECR8307073J1', 'RAMIRO ALONSO VERA CONTRERAS', 'ALEJANDRO PE헤', '57', NULL, 'LA REINA', 'AMECA', 'AMECA', 'JALISCO', 'M텢ICO', '46600'),
(19, 2, 'SI', 0, '2013-03-19 16:26:57', 0, '2013-03-19 16:26:57', 28, 'VECR8307073J1', 'RAMIRO ALONSO VERA CONTRERAS', 'ALEJANDRO PE헤', '57', NULL, 'LA REINA', 'AMECA', 'AMECA', 'JALISCO', 'M텢ICO', '46600'),
(20, 2, 'SI', 0, '2013-03-19 16:27:27', 0, '2013-03-19 16:27:27', 29, 'VECR8307073J1', 'RAMIRO ALONSO VERA CONTRERAS', 'ALEJANDRO PE헤', '57', NULL, 'LA REINA', 'AMECA', 'AMECA', 'JALISCO', 'M텢ICO', '46600'),
(21, 2, 'SI', 0, '2013-03-19 16:32:13', 0, '2013-03-19 16:32:13', 30, 'VECR8307073J1', 'RAMIRO ALONSO VERA CONTRERAS', 'ALEJANDRO PE헤', '57', NULL, 'LA REINA', 'AMECA', 'AMECA', 'JALISCO', 'M텢ICO', '46600'),
(22, 2, 'SI', 0, '2013-03-19 16:32:56', 0, '2013-03-19 16:32:56', 31, 'VECR8307073J1', 'RAMIRO ALONSO VERA CONTRERAS', 'ALEJANDRO PE헤', '57', NULL, 'LA REINA', 'AMECA', 'AMECA', 'JALISCO', 'M텢ICO', '46600'),
(23, 2, 'SI', 0, '2013-03-19 16:39:09', 0, '2013-03-19 16:39:09', 32, 'VECR8307073J1', 'RAMIRO ALONSO VERA CONTRERAS', 'ALEJANDRO PE헤', '57', NULL, 'LA REINA', 'AMECA', 'AMECA', 'JALISCO', 'M텢ICO', '46600'),
(24, 2, 'SI', 0, '2013-03-19 16:40:11', 0, '2013-03-19 16:40:11', 33, 'VECR8307073J1', 'RAMIRO ALONSO VERA CONTRERAS', 'ALEJANDRO PE헤', '57', NULL, 'LA REINA', 'AMECA', 'AMECA', 'JALISCO', 'M텢ICO', '46600'),
(25, 2, 'SI', 0, '2013-03-19 16:40:31', 0, '2013-03-19 16:40:31', 34, 'VECR8307073J1', 'RAMIRO ALONSO VERA CONTRERAS', 'ALEJANDRO PE헤', '57', NULL, 'LA REINA', 'AMECA', 'AMECA', 'JALISCO', 'M텢ICO', '46600'),
(26, 2, 'SI', 0, '2013-03-19 16:44:00', 0, '2013-03-19 16:44:00', 35, 'VECR8307073J1', 'RAMIRO ALONSO VERA CONTRERAS', 'ALEJANDRO PE헤', '57', NULL, 'LA REINA', 'AMECA', 'AMECA', 'JALISCO', 'M텢ICO', '46600'),
(27, 2, 'SI', 0, '2013-03-19 16:47:49', 0, '2013-03-19 16:47:49', 36, 'VECR8307073J1', 'RAMIRO ALONSO VERA CONTRERAS', 'ALEJANDRO PE헤', '57', NULL, 'LA REINA', 'AMECA', 'AMECA', 'JALISCO', 'M텢ICO', '46600'),
(28, 2, 'SI', 0, '2013-03-19 16:49:06', 0, '2013-03-19 16:49:06', 37, 'XXXX000000XXX', 'OLA K ASE', 'DFFDSFDSFSD', 'SDFFD', 'SDFDS', 'SDFFSDFSD', 'FDFDSFDS', 'DFSDFSFDSFSDFDS', 'TABASCO', 'M텢ICO', '34554'),
(29, 2, 'SI', 0, '2013-03-19 16:52:11', 0, '2013-03-19 16:52:11', 38, 'VECR8307073J1', 'RAMIRO ALONSO VERA CONTRERAS', 'ALEJANDRO PE헤', '57', NULL, 'LA REINA', 'AMECA', 'AMECA', 'JALISCO', 'M텢ICO', '46600'),
(30, 2, 'SI', 0, '2013-03-19 16:52:36', 0, '2013-03-19 16:52:36', 39, 'XXXX000000XXX', 'OLA K ASE', 'DFFDSFDSFSD', 'SDFFD', 'SDFDS', 'SDFFSDFSD', 'FDFDSFDS', 'DFSDFSFDSFSDFDS', 'TABASCO', 'M텢ICO', '34554'),
(31, 2, 'SI', 0, '2013-03-19 16:53:42', 0, '2013-03-19 16:53:42', 40, 'VECR8307073J1', 'RAMIRO ALONSO VERA CONTRERAS', 'ALEJANDRO PE헤', '57', NULL, 'LA REINA', 'AMECA', 'AMECA', 'JALISCO', 'M텢ICO', '46600'),
(32, 2, 'SI', 0, '2013-03-19 16:54:26', 0, '2013-03-19 16:54:26', 41, 'XXXX000000XXX', 'OLA K ASE', 'DFFDSFDSFSD', 'SDFFD', 'SDFDS', 'SDFFSDFSD', 'FDFDSFDS', 'DFSDFSFDSFSDFDS', 'TABASCO', 'M텢ICO', '34554'),
(33, 2, 'SI', 0, '2013-03-19 16:55:27', 0, '2013-03-19 16:55:27', 42, 'XXXX000000XXX', 'OLA K ASE', 'DFFDSFDSFSD', 'SDFFD', 'SDFDS', 'SDFFSDFSD', 'FDFDSFDS', 'DFSDFSFDSFSDFDS', 'TABASCO', 'M텢ICO', '34554'),
(34, 2, 'SI', 0, '2013-03-19 16:57:01', 0, '2013-03-19 16:57:01', 43, 'VECR8307073J1', 'RAMIRO ALONSO VERA CONTRERAS', 'ALEJANDRO PE헤', '57', NULL, 'LA REINA', 'AMECA', 'AMECA', 'JALISCO', 'M텢ICO', '46600'),
(35, 2, 'SI', 0, '2013-03-19 16:59:24', 0, '2013-03-19 16:59:24', 44, 'VECR8307073J1', 'RAMIRO ALONSO VERA CONTRERAS', 'ALEJANDRO PE헤', '57', NULL, 'LA REINA', 'AMECA', 'AMECA', 'JALISCO', 'M텢ICO', '46600'),
(36, 2, 'SI', 0, '2013-03-19 17:03:41', 0, '2013-03-19 17:03:41', 45, 'VECR8307073J1', 'RAMIRO ALONSO VERA CONTRERAS', 'ALEJANDRO PE헤', '57', NULL, 'LA REINA', 'AMECA', 'AMECA', 'JALISCO', 'M텢ICO', '46600'),
(37, 2, 'SI', 0, '2013-03-19 17:05:17', 0, '2013-03-19 17:05:17', 46, 'VECR8307073J1', 'RAMIRO ALONSO VERA CONTRERAS', 'ALEJANDRO PE헤', '57', NULL, 'LA REINA', 'AMECA', 'AMECA', 'JALISCO', 'M텢ICO', '46600'),
(38, 2, 'SI', 0, '2013-03-19 17:08:14', 0, '2013-03-19 17:08:14', 47, 'VECR8307073J1', 'RAMIRO ALONSO VERA CONTRERAS', 'ALEJANDRO PE헤', '57', NULL, 'LA REINA', 'AMECA', 'AMECA', 'JALISCO', 'M텢ICO', '46600'),
(39, 2, 'SI', 0, '2013-03-19 17:09:19', 0, '2013-03-19 17:09:19', 48, 'XXXX000000XXX', 'OLA K ASE', 'DFFDSFDSFSD', 'SDFFD', 'SDFDS', 'SDFFSDFSD', 'FDFDSFDS', 'DFSDFSFDSFSDFDS', 'TABASCO', 'M텢ICO', '34554'),
(40, 2, 'SI', 0, '2013-03-19 17:10:38', 0, '2013-03-19 17:10:38', 49, 'VECR8307073J1', 'RAMIRO ALONSO VERA CONTRERAS', 'ALEJANDRO PE헤', '57', NULL, 'LA REINA', 'AMECA', 'AMECA', 'JALISCO', 'M텢ICO', '46600'),
(41, 2, 'SI', 0, '2013-03-19 17:11:26', 0, '2013-03-19 17:11:26', 50, 'VECR8307073J1', 'RAMIRO ALONSO VERA CONTRERAS', 'ALEJANDRO PE헤', '57', NULL, 'LA REINA', 'AMECA', 'AMECA', 'JALISCO', 'M텢ICO', '46600'),
(42, 2, 'SI', 0, '2013-03-19 17:12:09', 0, '2013-03-19 17:12:09', 51, 'VECR8307073J1', 'RAMIRO ALONSO VERA CONTRERAS', 'ALEJANDRO PE헤', '57', NULL, 'LA REINA', 'AMECA', 'AMECA', 'JALISCO', 'M텢ICO', '46600'),
(43, 2, 'SI', 0, '2013-03-19 17:25:41', 0, '2013-03-19 17:25:41', 52, 'VECR8307073J1', 'RAMIRO ALONSO VERA CONTRERAS', 'ALEJANDRO PE헤', '57', NULL, 'LA REINA', 'AMECA', 'AMECA', 'JALISCO', 'M텢ICO', '46600'),
(44, 2, 'SI', 0, '2013-03-19 17:26:33', 0, '2013-03-19 17:26:33', 53, 'VECR8307073J1', 'RAMIRO ALONSO VERA CONTRERAS', 'ALEJANDRO PE헤', '57', NULL, 'LA REINA', 'AMECA', 'AMECA', 'JALISCO', 'M텢ICO', '46600'),
(45, 2, 'SI', 0, '2013-03-19 17:29:23', 0, '2013-03-19 17:29:23', 54, 'VECR8307073J1', 'RAMIRO ALONSO VERA CONTRERAS', 'ALEJANDRO PE헤', '57', NULL, 'LA REINA', 'AMECA', 'AMECA', 'JALISCO', 'M텢ICO', '46600'),
(46, 2, 'SI', 0, '2013-03-19 17:30:23', 0, '2013-03-19 17:30:23', 55, 'XXXX000000XXX', 'OLA K ASE', 'DFFDSFDSFSD', 'SDFFD', 'SDFDS', 'SDFFSDFSD', 'FDFDSFDS', 'DFSDFSFDSFSDFDS', 'TABASCO', 'M텢ICO', '34554'),
(47, 2, 'SI', 0, '2013-03-19 17:38:05', 0, '2013-03-19 17:38:05', 56, 'VECR8307073J1', 'RAMIRO ALONSO VERA CONTRERAS', 'ALEJANDRO PE헤', '57', NULL, 'LA REINA', 'AMECA', 'AMECA', 'JALISCO', 'M텢ICO', '46600'),
(48, 2, 'SI', 0, '2013-03-19 17:40:11', 0, '2013-03-19 17:40:11', 57, 'VECR8307073J1', 'RAMIRO ALONSO VERA CONTRERAS', 'ALEJANDRO PE헤', '57', NULL, 'LA REINA', 'AMECA', 'AMECA', 'JALISCO', 'M텢ICO', '46600'),
(49, 2, 'SI', 0, '2013-03-19 17:40:44', 0, '2013-03-19 17:40:44', 58, 'VECR8307073J1', 'RAMIRO ALONSO VERA CONTRERAS', 'ALEJANDRO PE헤', '57', NULL, 'LA REINA', 'AMECA', 'AMECA', 'JALISCO', 'M텢ICO', '46600'),
(50, 2, 'SI', 0, '2013-03-19 17:41:24', 0, '2013-03-19 17:41:24', 59, 'XXXX000000XXX', 'OLA K ASE', 'DFFDSFDSFSD', 'SDFFD', 'SDFDS', 'SDFFSDFSD', 'FDFDSFDS', 'DFSDFSFDSFSDFDS', 'TABASCO', 'M텢ICO', '34554'),
(51, 2, 'SI', 0, '2013-03-19 17:45:38', 0, '2013-03-19 17:45:38', 60, 'VECR8307073J1', 'RAMIRO ALONSO VERA CONTRERAS', 'ALEJANDRO PE헤', '57', NULL, 'LA REINA', 'AMECA', 'AMECA', 'JALISCO', 'M텢ICO', '46600'),
(52, 2, 'SI', 0, '2013-03-19 17:46:42', 0, '2013-03-19 17:46:42', 61, 'VECR8307073J1', 'RAMIRO ALONSO VERA CONTRERAS', 'ALEJANDRO PE헤', '57', NULL, 'LA REINA', 'AMECA', 'AMECA', 'JALISCO', 'M텢ICO', '46600'),
(53, 2, 'SI', 0, '2013-03-19 17:48:38', 0, '2013-03-19 17:48:38', 62, 'VECR8307073J1', 'RAMIRO ALONSO VERA CONTRERAS', 'ALEJANDRO PE헤', '57', NULL, 'LA REINA', 'AMECA', 'AMECA', 'JALISCO', 'M텢ICO', '46600'),
(54, 2, 'SI', 0, '2013-03-19 17:52:44', 0, '2013-03-19 17:52:44', 63, 'VECR8307073J1', 'RAMIRO ALONSO VERA CONTRERAS', 'ALEJANDRO PE헤', '57', NULL, 'LA REINA', 'AMECA', 'AMECA', 'JALISCO', 'M텢ICO', '46600'),
(55, 2, 'SI', 0, '2013-03-19 18:06:32', 0, '2013-03-19 18:06:32', 64, 'VECR8307073J1', 'RAMIRO ALONSO VERA CONTRERAS', 'ALEJANDRO PE헤', '57', NULL, 'LA REINA', 'AMECA', 'AMECA', 'JALISCO', 'M텢ICO', '46600'),
(56, 2, 'SI', 0, '2013-03-19 18:29:47', 0, '2013-03-19 18:29:47', 65, 'VECR8307073J1', 'RAMIRO ALONSO VERA CONTRERAS', 'ALEJANDRO PE헤', '57', NULL, 'LA REINA', 'AMECA', 'AMECA', 'JALISCO', 'M텢ICO', '46600'),
(57, 2, 'SI', 0, '2013-03-19 18:32:47', 0, '2013-03-19 18:32:47', 66, 'VECR8307073J1', 'RAMIRO ALONSO VERA CONTRERAS', 'ALEJANDRO PE헤', '57', NULL, 'LA REINA', 'AMECA', 'AMECA', 'JALISCO', 'M텢ICO', '46600'),
(58, 2, 'SI', 0, '2013-03-19 19:49:31', 0, '2013-03-19 19:49:31', 67, 'VECR8307073J1', 'RAMIRO ALONSO VERA CONTRERAS', 'ALEJANDRO PE헤', '57', NULL, 'LA REINA', 'AMECA', 'AMECA', 'JALISCO', 'M텢ICO', '46600'),
(59, 2, 'SI', 0, '2013-03-19 19:52:35', 0, '2013-03-19 19:52:35', 68, 'XXXX000000XXX', 'OLA K ASE', 'DFFDSFDSFSD', 'SDFFD', 'SDFDS', 'SDFFSDFSD', 'FDFDSFDS', 'DFSDFSFDSFSDFDS', 'TABASCO', 'M텢ICO', '34554'),
(60, 2, 'SI', 0, '2013-03-19 19:52:38', 0, '2013-03-19 19:52:38', 69, 'XXXX000000XXX', 'OLA K ASE', 'DFFDSFDSFSD', 'SDFFD', 'SDFDS', 'SDFFSDFSD', 'FDFDSFDS', 'DFSDFSFDSFSDFDS', 'TABASCO', 'M텢ICO', '34554'),
(61, 2, 'SI', 0, '2013-03-19 19:59:41', 0, '2013-03-19 19:59:41', 70, 'VECR8307073J1', 'RAMIRO ALONSO VERA CONTRERAS', 'ALEJANDRO PE헤', '57', NULL, 'LA REINA', 'AMECA', 'AMECA', 'JALISCO', 'M텢ICO', '46600'),
(62, 2, 'SI', 0, '2013-03-19 20:00:00', 0, '2013-03-19 20:00:00', 71, 'VECR8307073J1', 'RAMIRO ALONSO VERA CONTRERAS', 'ALEJANDRO PE헤', '57', NULL, 'LA REINA', 'AMECA', 'AMECA', 'JALISCO', 'M텢ICO', '46600');

-- --------------------------------------------------------

--
-- Table structure for table `cliente`
--

CREATE TABLE IF NOT EXISTS `cliente` (
  `id` int(11) NOT NULL AUTO_INCREMENT,
  `cuenta_id` int(11) NOT NULL,
  `activo` varchar(2) DEFAULT 'SI',
  `usuario_creacion_id` int(11) DEFAULT NULL,
  `fecha_creacion` datetime DEFAULT NULL,
  `usuario_edicion_id` int(11) DEFAULT NULL,
  `fecha_edicion` datetime DEFAULT NULL,
  `tipo_cliente_id` int(11) unsigned DEFAULT '0',
  `rfc` varchar(13) NOT NULL DEFAULT 'XXXX000000XXX',
  `nombre` varchar(100) NOT NULL DEFAULT '',
  `calle` varchar(100) DEFAULT NULL,
  `exterior` varchar(5) DEFAULT NULL,
  `interior` varchar(5) DEFAULT NULL,
  `colonia` varchar(50) DEFAULT NULL,
  `localidad` varchar(50) DEFAULT NULL,
  `referencia` varchar(100) DEFAULT NULL,
  `municipio` varchar(50) DEFAULT NULL,
  `estado` varchar(25) NOT NULL DEFAULT 'JALISCO',
  `pais` varchar(25) NOT NULL DEFAULT 'M텢ICO',
  `cpostal` varchar(5) DEFAULT NULL,
  `telefono` varchar(25) DEFAULT NULL,
  `celular` varchar(25) DEFAULT NULL,
  `correo` varchar(100) DEFAULT NULL,
  `comentarios` text,
  `fecha_registro_at` datetime NOT NULL DEFAULT '0000-00-00 00:00:00',
  PRIMARY KEY (`id`)
) ENGINE=InnoDB  DEFAULT CHARSET=latin1 AUTO_INCREMENT=3 ;

--
-- Dumping data for table `cliente`
--

INSERT INTO `cliente` (`id`, `cuenta_id`, `activo`, `usuario_creacion_id`, `fecha_creacion`, `usuario_edicion_id`, `fecha_edicion`, `tipo_cliente_id`, `rfc`, `nombre`, `calle`, `exterior`, `interior`, `colonia`, `localidad`, `referencia`, `municipio`, `estado`, `pais`, `cpostal`, `telefono`, `celular`, `correo`, `comentarios`, `fecha_registro_at`) VALUES
(1, 2, 'SI', 0, '2013-02-17 20:48:26', NULL, '2013-03-19 15:28:38', 1, 'VECR8307073J1', 'RAMIRO ALONSO VERA CONTRERAS', 'ALEJANDRO PE헤', '57', NULL, 'LA REINA', 'AMECA', NULL, 'AMECA', 'JALISCO', 'M텢ICO', '46600', NULL, NULL, NULL, NULL, '2013-02-17 20:48:26'),
(2, 2, 'SI', 0, '2013-02-17 20:49:17', 0, '2013-02-17 20:49:17', NULL, 'XXXX000000XXX', 'OLA K ASE', 'DFFDSFDSFSD', 'SDFFD', 'SDFDS', 'SDFFSDFSD', 'FDFDSFDS', NULL, 'DFSDFSFDSFSDFDS', 'TABASCO', 'M텢ICO', '34554', '(323) 424 3243', '(432) 432 4324', 'saddasdsa@asdads.com.sd', NULL, '2013-02-17 20:49:17');

-- --------------------------------------------------------

--
-- Table structure for table `cliente_tipo`
--

CREATE TABLE IF NOT EXISTS `cliente_tipo` (
  `id` int(11) NOT NULL AUTO_INCREMENT,
  `cuenta_id` int(11) NOT NULL,
  `activo` varchar(2) DEFAULT 'SI',
  `usuario_creacion_id` int(11) DEFAULT NULL,
  `fecha_creacion` datetime DEFAULT NULL,
  `usuario_edicion_id` int(11) DEFAULT NULL,
  `fecha_edicion` datetime DEFAULT NULL,
  `nombre` varchar(25) NOT NULL,
  `descripcion` varchar(255) DEFAULT NULL,
  PRIMARY KEY (`id`)
) ENGINE=InnoDB  DEFAULT CHARSET=latin1 AUTO_INCREMENT=2 ;

--
-- Dumping data for table `cliente_tipo`
--

INSERT INTO `cliente_tipo` (`id`, `cuenta_id`, `activo`, `usuario_creacion_id`, `fecha_creacion`, `usuario_edicion_id`, `fecha_edicion`, `nombre`, `descripcion`) VALUES
(1, 2, 'SI', 2, '2013-02-13 00:00:00', 2, '2013-02-21 00:00:00', 'NORMAL', 'CLIENTE NORMAL');

-- --------------------------------------------------------

--
-- Table structure for table `contribuyente`
--

CREATE TABLE IF NOT EXISTS `contribuyente` (
  `id` int(11) NOT NULL AUTO_INCREMENT,
  `cuenta_id` int(11) NOT NULL,
  `activo` varchar(2) DEFAULT 'SI',
  `usuario_creacion_id` int(11) DEFAULT NULL,
  `fecha_creacion` datetime DEFAULT NULL,
  `usuario_edicion_id` int(11) DEFAULT NULL,
  `fecha_edicion` datetime DEFAULT NULL,
  `rfc` varchar(14) NOT NULL,
  `nombre` varchar(100) DEFAULT NULL,
  `calle` varchar(100) DEFAULT '',
  `exterior` varchar(5) DEFAULT NULL,
  `interior` varchar(5) DEFAULT NULL,
  `colonia` varchar(50) DEFAULT NULL,
  `localidad` varchar(50) DEFAULT NULL,
  `municipio` varchar(50) DEFAULT NULL,
  `estado` varchar(25) DEFAULT NULL,
  `pais` varchar(25) DEFAULT NULL,
  `cpostal` varchar(5) DEFAULT NULL,
  `telefono` varchar(25) DEFAULT NULL,
  `celular` varchar(25) DEFAULT NULL,
  `correo` varchar(100) DEFAULT NULL,
  `nombre_comercial` varchar(100) DEFAULT NULL,
  `cedula` varchar(25) DEFAULT NULL,
  `logotipo` varchar(25) DEFAULT NULL,
  PRIMARY KEY (`id`)
) ENGINE=InnoDB  DEFAULT CHARSET=latin1 AUTO_INCREMENT=2 ;

--
-- Dumping data for table `contribuyente`
--

INSERT INTO `contribuyente` (`id`, `cuenta_id`, `activo`, `usuario_creacion_id`, `fecha_creacion`, `usuario_edicion_id`, `fecha_edicion`, `rfc`, `nombre`, `calle`, `exterior`, `interior`, `colonia`, `localidad`, `municipio`, `estado`, `pais`, `cpostal`, `telefono`, `celular`, `correo`, `nombre_comercial`, `cedula`, `logotipo`) VALUES
(1, 2, 'SI', NULL, NULL, NULL, '2013-02-19 22:53:39', 'LIHA851024I63', '6KSOFT S.A. DE C.V', 'JARDINES', '223', NULL, 'NINOS HEROES', 'AMECA', 'AMECA', 'JALISCO', '0', '46649', '(333) 623 4334', '(331) 214 2344', 'lizaolaa@gmail.com', '6KSOFT', NULL, NULL);

-- --------------------------------------------------------

--
-- Table structure for table `cuenta`
--

CREATE TABLE IF NOT EXISTS `cuenta` (
  `id` int(11) NOT NULL AUTO_INCREMENT,
  `activo` varchar(2) DEFAULT 'SI',
  `usuario_creacion_id` int(11) DEFAULT NULL,
  `fecha_creacion` datetime DEFAULT NULL,
  `usuario_edicion_id` int(11) DEFAULT NULL,
  `fecha_edicion` datetime DEFAULT NULL,
  `paquete_id` int(11) NOT NULL,
  `rfc` varchar(13) NOT NULL,
  `nombre` varchar(100) NOT NULL,
  `password` varchar(50) DEFAULT NULL,
  `telefono_contacto` varchar(25) DEFAULT NULL,
  `celular_contacto` varchar(25) DEFAULT NULL,
  `correo_contacto` varchar(100) DEFAULT NULL,
  PRIMARY KEY (`id`)
) ENGINE=InnoDB  DEFAULT CHARSET=latin1 AUTO_INCREMENT=3 ;

--
-- Dumping data for table `cuenta`
--

INSERT INTO `cuenta` (`id`, `activo`, `usuario_creacion_id`, `fecha_creacion`, `usuario_edicion_id`, `fecha_edicion`, `paquete_id`, `rfc`, `nombre`, `password`, `telefono_contacto`, `celular_contacto`, `correo_contacto`) VALUES
(2, 'SI', 1, '2013-02-17 19:41:10', NULL, '2013-02-19 22:47:11', 1, 'LIHA851024I63', 'ALEJANDRO LIZAOLA HARO', 'cec705c0caa0302af5568eff30a93e9e4695b283', '(334) 289 3474', '(329) 847 3298', 'lizaolaa@gmail.com');

-- --------------------------------------------------------

--
-- Table structure for table `impuesto`
--

CREATE TABLE IF NOT EXISTS `impuesto` (
  `id` int(11) NOT NULL AUTO_INCREMENT,
  `cuenta_id` int(11) NOT NULL,
  `activo` varchar(2) DEFAULT 'SI',
  `usuario_creacion_id` int(11) DEFAULT NULL,
  `fecha_creacion` datetime DEFAULT NULL,
  `usuario_edicion_id` int(11) DEFAULT NULL,
  `fecha_edicion` datetime DEFAULT NULL,
  `nombre` varchar(25) NOT NULL,
  `descripcion` varchar(255) DEFAULT NULL,
  `tasa` smallint(6) NOT NULL,
  `tipo` varchar(10) NOT NULL,
  PRIMARY KEY (`id`)
) ENGINE=InnoDB  DEFAULT CHARSET=latin1 AUTO_INCREMENT=5 ;

--
-- Dumping data for table `impuesto`
--

INSERT INTO `impuesto` (`id`, `cuenta_id`, `activo`, `usuario_creacion_id`, `fecha_creacion`, `usuario_edicion_id`, `fecha_edicion`, `nombre`, `descripcion`, `tasa`, `tipo`) VALUES
(1, 2, 'SI', 0, '2013-02-19 00:47:54', 0, '2013-02-19 00:47:54', 'IVA', 'IMPUESTO AL VALOR AGREGADO', 16, 'TRASLADADO'),
(4, 2, 'SI', 0, '2013-03-19 16:02:03', 0, '2013-03-19 16:02:03', 'IETU', 'IETU', 8, 'RETENIDO');

-- --------------------------------------------------------

--
-- Table structure for table `menu`
--

CREATE TABLE IF NOT EXISTS `menu` (
  `id` int(11) NOT NULL AUTO_INCREMENT,
  `tipo` varchar(10) NOT NULL DEFAULT 'CLIENTE',
  `imagen` varchar(50) NOT NULL,
  `nombre` varchar(50) NOT NULL,
  `activo` varchar(2) NOT NULL DEFAULT 'SI',
  `orden` tinyint(4) NOT NULL,
  PRIMARY KEY (`id`)
) ENGINE=InnoDB  DEFAULT CHARSET=latin1 AUTO_INCREMENT=14 ;

--
-- Dumping data for table `menu`
--

INSERT INTO `menu` (`id`, `tipo`, `imagen`, `nombre`, `activo`, `orden`) VALUES
(1, 'CLIENTE', 'miniconos/group.png', 'Clientes', 'SI', 1),
(2, 'CLIENTE', 'miniconos/user_gray.png', 'Proveedores', 'NO', 2),
(3, 'CLIENTE', 'miniconos/box.png', 'Productos', 'SI', 3),
(4, 'CLIENTE', 'miniconos/transmit.png', 'Servicios', 'NO', 4),
(5, 'CLIENTE', 'miniconos/lorry.png', 'Compras', 'NO', 5),
(6, 'CLIENTE', 'miniconos/cart.png', 'Ventas', 'NO', 6),
(7, 'CLIENTE', 'miniconos/coins.png', 'Caja', 'NO', 7),
(8, 'CLIENTE', 'miniconos/page_white_key.png', 'Facturaci蚤', 'NO', 8),
(9, 'CLIENTE', 'miniconos/group.png', 'Cuentas', 'SI', 1),
(10, 'CLIENTE', 'miniconos/page_white_key.png', 'Facturaci蚤', 'SI', 9),
(11, 'CLIENTE', 'miniconos/building_add.png', 'Sucursales', 'SI', 10),
(12, 'CLIENTE', 'miniconos/style_edit.png', 'Catalogos', 'SI', 11),
(13, 'CLIENTE', 'miniconos/package.png', 'Paquetes', 'SI', 12);

-- --------------------------------------------------------

--
-- Table structure for table `moneda`
--

CREATE TABLE IF NOT EXISTS `moneda` (
  `id` int(11) NOT NULL AUTO_INCREMENT,
  `cuenta_id` int(11) NOT NULL,
  `activo` varchar(2) DEFAULT 'SI',
  `usuario_creacion_id` int(11) DEFAULT NULL,
  `fecha_creacion` datetime DEFAULT NULL,
  `usuario_edicion_id` int(11) DEFAULT NULL,
  `fecha_edicion` datetime DEFAULT NULL,
  `nombre` varchar(25) NOT NULL,
  `descripcion` varchar(255) DEFAULT NULL,
  `tipo_cambio` decimal(10,2) NOT NULL,
  PRIMARY KEY (`id`)
) ENGINE=InnoDB  DEFAULT CHARSET=latin1 AUTO_INCREMENT=4 ;

--
-- Dumping data for table `moneda`
--

INSERT INTO `moneda` (`id`, `cuenta_id`, `activo`, `usuario_creacion_id`, `fecha_creacion`, `usuario_edicion_id`, `fecha_edicion`, `nombre`, `descripcion`, `tipo_cambio`) VALUES
(1, 2, 'SI', 0, '2013-03-19 09:03:43', NULL, '2013-03-19 09:09:56', 'MXN', 'PESO MEXICANO', '1.00'),
(2, 2, 'SI', 0, '2013-03-19 09:04:00', NULL, '2013-03-19 09:10:05', 'USD', 'DOLAR ESTAUNIDENSE', '12.65'),
(3, 2, 'SI', 0, '2013-03-19 09:04:13', NULL, '2013-03-19 09:10:16', 'EUR', 'EURO', '16.40');

-- --------------------------------------------------------

--
-- Table structure for table `paquete`
--

CREATE TABLE IF NOT EXISTS `paquete` (
  `id` int(11) NOT NULL AUTO_INCREMENT,
  `nombre` varchar(50) NOT NULL,
  `tipo` varchar(5) NOT NULL,
  `facturas_incluidas` smallint(6) DEFAULT NULL,
  `costo_factura_adicional` decimal(10,2) DEFAULT NULL,
  `usuarios` smallint(6) DEFAULT NULL,
  `almacenamiento` int(11) DEFAULT NULL,
  `soporte_online` varchar(2) DEFAULT 'SI',
  `soporte_chat` varchar(2) DEFAULT 'NO',
  `soporte_telefono` varchar(2) DEFAULT 'NO',
  `multiple_moneda` varchar(2) DEFAULT 'NO',
  `multiple_sucursal` varchar(2) DEFAULT 'NO',
  `costo_mensual` decimal(10,2) DEFAULT NULL,
  `costo_anual` decimal(10,2) DEFAULT NULL,
  `vigencia` date DEFAULT NULL,
  `activo` varchar(2) DEFAULT 'SI',
  PRIMARY KEY (`id`)
) ENGINE=InnoDB  DEFAULT CHARSET=latin1 AUTO_INCREMENT=9 ;

--
-- Dumping data for table `paquete`
--

INSERT INTO `paquete` (`id`, `nombre`, `tipo`, `facturas_incluidas`, `costo_factura_adicional`, `usuarios`, `almacenamiento`, `soporte_online`, `soporte_chat`, `soporte_telefono`, `multiple_moneda`, `multiple_sucursal`, `costo_mensual`, `costo_anual`, `vigencia`, `activo`) VALUES
(1, 'GRATUITO', 'CBB', 3, '10.00', 1, 100, 'SI', 'NO', 'NO', 'NO', 'NO', '0.00', '0.00', '2013-12-31', 'SI'),
(2, 'BASICO', 'CBB', 10, '5.00', 1, 250, 'SI', 'SI', 'NO', 'SI', 'NO', '125.00', '1350.00', '2013-12-31', 'SI'),
(8, 'MARZO', 'CBB', NULL, NULL, NULL, 100, 'NO', 'NO', 'NO', 'NO', 'NO', NULL, NULL, '2013-03-13', 'NO');

-- --------------------------------------------------------

--
-- Table structure for table `producto`
--

CREATE TABLE IF NOT EXISTS `producto` (
  `id` int(11) NOT NULL AUTO_INCREMENT,
  `activo` varchar(2) DEFAULT 'SI',
  `usuario_creacion_id` int(11) DEFAULT NULL,
  `fecha_creacion` datetime DEFAULT NULL,
  `usuario_edicion_id` int(11) DEFAULT NULL,
  `fecha_edicion` datetime DEFAULT NULL,
  `codigo` varchar(25) DEFAULT NULL,
  `nombre` varchar(100) NOT NULL,
  `descripcion` text,
  `categoria_id` int(11) DEFAULT NULL,
  `impuesto_id` int(11) DEFAULT NULL,
  `unidad_id` int(11) DEFAULT NULL,
  `precio_unitario` decimal(16,4) NOT NULL,
  `moneda_id` int(11) DEFAULT NULL,
  `cuenta_id` int(11) NOT NULL,
  PRIMARY KEY (`id`)
) ENGINE=InnoDB  DEFAULT CHARSET=latin1 AUTO_INCREMENT=4 ;

--
-- Dumping data for table `producto`
--

INSERT INTO `producto` (`id`, `activo`, `usuario_creacion_id`, `fecha_creacion`, `usuario_edicion_id`, `fecha_edicion`, `codigo`, `nombre`, `descripcion`, `categoria_id`, `impuesto_id`, `unidad_id`, `precio_unitario`, `moneda_id`, `cuenta_id`) VALUES
(1, 'SI', NULL, '2013-02-20 00:49:01', NULL, '2013-03-19 19:53:37', 'MON001', 'MONITOR 21 PULGADAS', 'MONITOR 21 PULGADAS', 1, NULL, 2, '1500.0000', 3, 2),
(2, 'SI', NULL, '2013-02-20 00:51:04', NULL, '2013-03-19 15:43:35', 'SFDSADF', 'SDFSFD', 'SFSFD', 3, NULL, 1, '23.5700', 2, 2),
(3, 'SI', NULL, '2013-03-19 11:27:54', NULL, '2013-03-19 11:27:54', 'CEL001', 'CELULAR LG', 'LG OPTIMUS 2X', 1, 1, 2, '2000.0000', 1, 2);

-- --------------------------------------------------------

--
-- Table structure for table `producto_categoria`
--

CREATE TABLE IF NOT EXISTS `producto_categoria` (
  `id` int(11) NOT NULL AUTO_INCREMENT,
  `cuenta_id` int(11) NOT NULL,
  `activo` varchar(2) DEFAULT 'SI',
  `usuario_creacion_id` int(11) DEFAULT NULL,
  `fecha_creacion` datetime DEFAULT NULL,
  `usuario_edicion_id` int(11) DEFAULT NULL,
  `fecha_edicion` datetime DEFAULT NULL,
  `nombre` varchar(25) NOT NULL,
  `descripcion` varchar(255) DEFAULT NULL,
  PRIMARY KEY (`id`)
) ENGINE=InnoDB  DEFAULT CHARSET=latin1 AUTO_INCREMENT=4 ;

--
-- Dumping data for table `producto_categoria`
--

INSERT INTO `producto_categoria` (`id`, `cuenta_id`, `activo`, `usuario_creacion_id`, `fecha_creacion`, `usuario_edicion_id`, `fecha_edicion`, `nombre`, `descripcion`) VALUES
(1, 2, 'SI', 0, '2013-03-19 08:45:17', NULL, '2013-03-19 08:45:18', 'COMPUTACI흁', 'PRODUCTOS DE COMPUTACI흁'),
(2, 2, 'SI', 0, '2013-03-19 08:45:35', NULL, '2013-03-19 08:45:35', 'OFICINA', 'ARTICULOS PARA OFICINA'),
(3, 2, 'SI', 0, '2013-03-19 15:43:14', NULL, '2013-03-19 15:43:14', 'PRUEBA X Y', 'PROBANDO');

-- --------------------------------------------------------

--
-- Table structure for table `seccion`
--

CREATE TABLE IF NOT EXISTS `seccion` (
  `id` int(11) NOT NULL AUTO_INCREMENT,
  `menu_id` int(11) NOT NULL,
  `nombre` varchar(50) NOT NULL,
  `imagen` varchar(50) NOT NULL,
  `link` varchar(50) NOT NULL,
  `contenedor` varchar(25) NOT NULL,
  `activo` varchar(2) NOT NULL DEFAULT 'SI',
  `orden` tinyint(4) NOT NULL,
  `fecha_registro` datetime NOT NULL,
  PRIMARY KEY (`id`)
) ENGINE=InnoDB  DEFAULT CHARSET=latin1 AUTO_INCREMENT=35 ;

--
-- Dumping data for table `seccion`
--

INSERT INTO `seccion` (`id`, `menu_id`, `nombre`, `imagen`, `link`, `contenedor`, `activo`, `orden`, `fecha_registro`) VALUES
(1, 1, 'Nuevo Cliente', 'miniconos/user_add.png', 'clientes/registro', 'contenido', 'SI', 1, '2012-11-01 00:00:00'),
(2, 1, 'Catalogo de Clientes', 'miniconos/folder_user.png', 'clientes/reporte', 'contenido', 'SI', 2, '2012-11-01 00:00:00'),
(3, 7, 'Apertura de Caja', 'miniconos/coins_add.png', 'caja/abrir', 'contenido', 'SI', 1, '2012-11-01 00:00:00'),
(4, 7, 'Cierre de Caja', 'miniconos/coins_delete.png', 'caja/cierre', 'contenido', 'SI', 4, '2012-11-01 00:00:00'),
(5, 2, 'Nuevo Proveedor', 'miniconos/user_gray.png', 'proveedor/registro', 'contenido', 'SI', 1, '2012-11-01 00:00:00'),
(6, 2, 'Todos los Proveedores', 'miniconos/folder_user.png', 'proveedores/reporte', 'contenido', 'SI', 2, '2012-11-01 00:00:00'),
(7, 3, 'Nuevo Producto', 'miniconos/brick.png', 'productos/registro', 'contenido', 'SI', 1, '2012-11-01 00:00:00'),
(8, 3, 'Catalogo de Productos', 'miniconos/folder_brick.png', 'productos/reporte', 'contenido', 'SI', 2, '2012-11-01 00:00:00'),
(9, 4, 'Nuevo Servicio', 'miniconos/wrench.png', 'servicios/registro', 'contenido', 'SI', 1, '2012-11-01 00:00:00'),
(10, 4, 'Todos los Servicios', 'miniconos/folder_wrench.png', 'servicios/reporte', 'contenido', 'SI', 2, '2012-11-01 00:00:00'),
(11, 7, 'Ingreso de Efectivo', 'miniconos/money_add.png', 'caja/ingreso', 'contenido', 'SI', 2, '2012-11-01 00:00:00'),
(12, 7, 'Retiro de Efectivo', 'miniconos/money_delete.png', 'caja/retiro', 'contenido', 'SI', 3, '2012-11-01 00:00:00'),
(13, 5, 'Todas las Compras', 'miniconos/folder_page_white.png', 'compras/reporte', 'contenido', 'SI', 1, '2012-11-01 00:00:00'),
(14, 6, 'Todas las Ventas', 'miniconos/folder_page.png', 'ventas/reporte', 'contenido', 'SI', 1, '2012-11-01 00:00:00'),
(15, 5, 'Nueva Compra', 'miniconos/page_white.png', 'compras/registro', 'contenido', 'SI', 1, '2012-11-01 00:00:00'),
(16, 6, 'Nueva Venta', 'miniconos/page.png', 'ventas/registro', 'contenido', 'SI', 1, '2012-11-01 00:00:00'),
(17, 8, 'Nueva Factura', 'miniconos/table_add.png', 'facturacion/registro', 'contenido', 'SI', 1, '2012-11-01 00:00:00'),
(18, 8, 'Todas las Facturas', 'miniconos/folder_table.png', 'facturacion/reporte', 'contenido', 'SI', 2, '2012-11-01 00:00:00'),
(19, 1, 'Tipos de Cliente', 'miniconos/folder_user.png', 'clientes/reporteTiposCliente', 'contenido', 'SI', 3, '2012-11-01 00:00:00'),
(20, 1, 'Nuevo Tipo Cliente', 'miniconos/user_add.png', 'clientes/registroTipoCliente', 'contenido', 'NO', 4, '2012-11-01 00:00:00'),
(21, 9, 'Nueva Cuenta', 'miniconos/user_add.png', 'cuentas/registro', 'contenido', 'SI', 1, '2012-11-01 00:00:00'),
(22, 9, 'Todas las Cuentas', 'miniconos/folder_user.png', 'cuentas/reporte', 'contenido', 'SI', 2, '2012-11-01 00:00:00'),
(23, 3, 'Categor眼s de Producto', 'miniconos/newspaper.png', 'productos/reporteProductoCategoria', 'contenido', 'SI', 3, '2012-11-01 00:00:00'),
(24, 10, 'Informaci蚤 Fiscal', 'miniconos/newspaper.png', 'configuracion/fiscal', 'contenido', 'SI', 1, '2012-11-01 00:00:00'),
(25, 11, 'Nueva Sucursal', 'miniconos/house.png', 'sucursales/registro', 'contenido', 'SI', 1, '2013-02-19 00:00:00'),
(26, 11, 'Sucursales', 'miniconos/house_link.png', 'sucursales/reporte', 'contenido', 'SI', 2, '2013-02-19 00:00:00'),
(27, 12, 'Unidades', 'miniconos/style_edit.png', 'unidades/reporte', 'contenido', 'SI', 1, '2013-02-19 00:00:00'),
(28, 12, 'Monedas', 'miniconos/money_dollar.png', 'monedas/reporte', 'contenido', 'SI', 2, '2013-02-19 00:00:00'),
(29, 12, 'Impuestos', 'miniconos/money.png', 'impuestos/reporte', 'contenido', 'SI', 3, '2013-02-19 00:00:00'),
(30, 10, 'Series / Folios', 'miniconos/text_list_numbers.png', 'cbb/folios', 'contenido', 'SI', 4, '2012-11-01 00:00:00'),
(31, 10, 'Todas las Facturas', 'miniconos/newspaper.png', 'cbb/reporte', 'contenido', 'SI', 3, '2012-11-01 00:00:00'),
(32, 10, 'Nueva Factura', 'miniconos/newspaper.png', 'cbb/index', 'contenido', 'SI', 1, '2012-11-01 00:00:00'),
(33, 13, 'Nuevo Paquete', 'miniconos/text_list_numbers.png', 'paquetes/registro', 'contenido', 'SI', 1, '2012-11-01 00:00:00'),
(34, 13, 'Reporte', 'miniconos/text_list_numbers.png', 'paquetes/reporte', 'contenido', 'SI', 2, '2012-11-01 00:00:00');

-- --------------------------------------------------------

--
-- Table structure for table `sucursal`
--

CREATE TABLE IF NOT EXISTS `sucursal` (
  `id` int(11) NOT NULL AUTO_INCREMENT,
  `cuenta_id` int(11) NOT NULL,
  `activo` varchar(2) DEFAULT 'SI',
  `usuario_creacion_id` int(11) DEFAULT NULL,
  `fecha_creacion` datetime DEFAULT NULL,
  `usuario_edicion_id` int(11) DEFAULT NULL,
  `fecha_edicion` datetime DEFAULT NULL,
  `codigo` varchar(10) NOT NULL,
  `nombre` varchar(100) NOT NULL,
  `domicilio` varchar(100) DEFAULT NULL,
  `colonia` varchar(50) DEFAULT NULL,
  `ciudad` varchar(50) DEFAULT NULL,
  `estado` varchar(25) DEFAULT NULL,
  `cpostal` varchar(5) DEFAULT NULL,
  `cbb_folios_id` int(11) DEFAULT '0',
  `cfd_folios_id` int(11) DEFAULT '0',
  `cfdi_folios_id` int(11) DEFAULT '0',
  PRIMARY KEY (`id`)
) ENGINE=InnoDB  DEFAULT CHARSET=latin1 AUTO_INCREMENT=5 ;

-- --------------------------------------------------------

--
-- Table structure for table `unidad`
--

CREATE TABLE IF NOT EXISTS `unidad` (
  `id` int(11) NOT NULL AUTO_INCREMENT,
  `cuenta_id` int(11) NOT NULL,
  `activo` varchar(2) DEFAULT 'SI',
  `usuario_creacion_id` int(11) DEFAULT NULL,
  `fecha_creacion` datetime DEFAULT NULL,
  `usuario_edicion_id` int(11) DEFAULT NULL,
  `fecha_edicion` datetime DEFAULT NULL,
  `nombre` varchar(25) NOT NULL,
  `descripcion` varchar(255) DEFAULT NULL,
  PRIMARY KEY (`id`)
) ENGINE=InnoDB  DEFAULT CHARSET=latin1 AUTO_INCREMENT=3 ;

--
-- Dumping data for table `unidad`
--

INSERT INTO `unidad` (`id`, `cuenta_id`, `activo`, `usuario_creacion_id`, `fecha_creacion`, `usuario_edicion_id`, `fecha_edicion`, `nombre`, `descripcion`) VALUES
(1, 2, 'SI', 0, '2013-02-19 00:47:23', 0, '2013-02-19 00:47:23', 'CAJA', 'CAJA'),
(2, 2, 'SI', 0, '2013-02-19 00:47:34', 0, '2013-02-19 00:47:35', 'PIEZA', 'PIEZA');

-- --------------------------------------------------------

--
-- Table structure for table `usuario`
--

CREATE TABLE IF NOT EXISTS `usuario` (
  `id` int(11) NOT NULL AUTO_INCREMENT,
  `cuenta_id` int(11) NOT NULL,
  `activo` varchar(2) DEFAULT 'SI',
  `usuario_creacion_id` int(11) DEFAULT NULL,
  `fecha_creacion` datetime DEFAULT NULL,
  `usuario_edicion_id` int(11) DEFAULT NULL,
  `fecha_edicion` datetime DEFAULT NULL,
  `avatar` varchar(100) DEFAULT NULL,
  `usuario` varchar(40) NOT NULL,
  `password` varchar(50) NOT NULL COMMENT 'SHA1',
  `nombres` varchar(100) DEFAULT NULL,
  `apellidos` varchar(100) DEFAULT NULL,
  `correo` varchar(100) DEFAULT NULL,
  PRIMARY KEY (`id`)
) ENGINE=InnoDB  DEFAULT CHARSET=latin1 AUTO_INCREMENT=6 ;

--
-- Dumping data for table `usuario`
--

INSERT INTO `usuario` (`id`, `cuenta_id`, `activo`, `usuario_creacion_id`, `fecha_creacion`, `usuario_edicion_id`, `fecha_edicion`, `avatar`, `usuario`, `password`, `nombres`, `apellidos`, `correo`) VALUES
(5, 2, 'SI', 0, '2013-02-18 23:51:21', 0, '2013-02-19 00:22:36', 'avatar_50b1a24b659fa.png', 'yu', '8ef10ade1e513b2a4b026376daa3639663f5a076', 'TUUTYA', 'UTTU', 'saddsa@sada.asd');
